school,exam,extract,question,choiceA,choiceB,choiceC,choiceD,choiceE,choiceF,choiceG,correct_answer,rationale,question_type,,image,url,wrong_answer
Family Nurse Practitioner,Family Nurse Practitioner Practice Exam Questions​,,Which of the following is NOT one of the five key elements of social determinants of health?,Economic stability,Education,Social and community context,Transportation,,,,D,"The five key SDOH domains are Economic Stability, Education Access/Quality, Health Care Access/Quality, Neighborhood/Built Environment, and Social/Community Context. Transportation is a component but not a separate domain.",regular,,,,
Family Nurse Practitioner,Family Nurse Practitioner Practice Exam Questions​,,The nurse practitioner is evaluating the patient's understanding of the treatment plan for Chlamydia trachomatis. Which statement demonstrates proper understanding of the plan?,I should abstain from sexual intercourse for 24 hours after starting the medication.',I can have sexual intercourse 72 hours after completing the medication.',My partner should use a condom if we have sexual intercourse within the next 5 days.',I should abstain from sexual intercourse for 7 days.',,,,D,"CDC recommends abstinence for 7 days after single-dose treatment (azithromycin) or until completion of 7-day doxycycline regimen, plus until partners are treated and symptoms resolve.",regular,,,,
Family Nurse Practitioner,Family Nurse Practitioner Practice Exam Questions​,,Showing signs of autism spectrum disorder. The symptom that would be most concerning is that the patient:,uses her index finger instead of verbal communication to indicate items of interest.,screams and cries when the mother drops her off at daycare.,clings to the parents and does not want to be alone.,has continuous uncontrollable bouts of screaming when a vacuum cleaner is turned on.,,,,A,Pointing with index finger is typical development. Lack of verbal communication or unusual response to sensory input (vacuum) is more concerning for ASD.,regular,,,,
Family Nurse Practitioner,Family Nurse Practitioner Practice Exam Questions​,,A 19-year-old female presents with right-sided abdominal pain. The diagnosis that would NOT be included as part of the differential is:,cholecystitis.,appendicitis.,pelvic inflammatory disease.,diverticulosis.,,,,D,"Diverticulosis is rare in 19-year-olds, typically seen in older adults. Cholecystitis, appendicitis, and PID are all possible in this age group.",regular,,,,
Family Nurse Practitioner,Family Nurse Practitioner Practice Exam Questions​,,"A 33-year-old patient returns to the clinic with complaints of new genital herpes lesions, despite being on acyclovir (Zovirax) for the past 5 days. The nurse practitioner should:",discontinue acyclovir and order valacyclovir (Valtrex).,extend the course of acyclovir (Zovirax) by 5-7 days.,consider a culture to determine the HSV type.,combine oral acyclovir (Zovirax) with topical acyclovir cream.,,,,C,New lesions after 5 days of treatment may indicate antiviral resistance or different HSV type. Culture helps guide therapy. Extending course or changing medication without diagnosis is premature.,regular,,,,
Family Nurse Practitioner,Family Nurse Practitioner Practice Exam Questions​,,"A 36-year-old patient has a midsystolic click and a murmur heard at the apex occurring in late systole. If symptomatic, the patient may also experience:",lower extremity edema.,angina pectoris.,palpitations.,hypertension.,,,,C,"Midsystolic click and late systolic murmur at apex = mitral valve prolapse. Symptomatic MVP can cause palpitations, chest pain, dyspnea, fatigue, not primarily angina or edema.",regular,,,,
Family Nurse Practitioner,Family Nurse Practitioner Practice Exam Questions​,,"A 13-year-old patient is suspected of having acute otitis media. When performing a physical examination, a positive tug test will elicit pain when:",pressure is applied to the mastoid bone.,the tragus is pulled.,the auricle is gently pulled downward.,the area behind the ear is gently pressed.,,,,C,"Positive tug test (pain with auricle traction) indicates otitis externa, not AOM. AOM pain is typically not reproduced by auricle movement.",regular,,,,
Family Nurse Practitioner,Family Nurse Practitioner Practice Exam Questions​,,"When counseling a female who is breastfeeding her 6-month-old infant, the nurse practitioner should recommend a caloric intake that is how many kilocalories higher than prepregnancy requirements?",200 kcal/day,500 kcal/day,750 kcal/day,"1,000 kcal/day",,,,B,Breastfeeding requires approximately 500 extra kcal/day to support milk production while maintaining maternal health and energy.,regular,,,,
Family Nurse Practitioner,Family Nurse Practitioner Practice Exam Questions​,,"A 48-year-old recently widowed patient experiences a first episode of depression. The patient is started on an antidepressant. After complete remission of symptoms, the medication should be continued for at least:",2 months.,4 months.,6 months.,12 months.,,,,C,"After first episode of depression, continue antidepressants for 6-12 months after remission to prevent relapse. Minimum is typically 6 months.",regular,,,,
Family Nurse Practitioner,Family Nurse Practitioner Practice Exam Questions​,,A 20-year-old student presents with an oval salmon-colored macule on the chest that has progressed to a generalized exanthem from the top down over several weeks. The nurse practitioner knows that treatment for this condition may include:,treatment of pruritic areas until the lesions spontaneously resolve.,an oral antihistamine and topical antifungal cream.,an oral antifungal agent.,a tapering dose of oral corticosteroids.,,,,A,This describes pityriasis rosea (herald patch + Christmas tree distribution). Self-limiting in 6-8 weeks; treat pruritus only. Antifungals and corticosteroids are not indicated.,regular,,,,
Family Nurse Practitioner,Family Nurse Practitioner Practice Exam Questions​,,A 19-year-old female patient with a BMI of 40 is diagnosed with migraine headaches. The nurse practitioner knows that migraine headaches are NOT usually treated prophylactically with:,sumatriptan (Imitrex).,amitriptyline (Elavil).,verapamil (Verelan).,metoprolol (Lopressor).,,,,A,"Sumatriptan is acute/abortive treatment, not prophylactic. Amitriptyline, verapamil, beta-blockers (metoprolol) are used for migraine prophylaxis.",regular,,,,
Family Nurse Practitioner,Family Nurse Practitioner Practice Exam Questions​,,"When treating a patient with heart failure, the medication class that is considered first-line therapy for vasodilatory effects and improved ejection fraction, and is relatively inexpensive, is:",angiotensin-converting enzyme (ACE) inhibitors.,calcium channel blockers.,nitrates.,diuretics.,,,,A,"ACE inhibitors are first-line for HF with reduced EF due to vasodilation, afterload reduction, and mortality benefit. They are cost-effective. CCBs and nitrates are not first-line; diuretics manage symptoms only.",regular,,,,
Family Nurse Practitioner,Family Nurse Practitioner Practice Exam Questions​,,A 25-year-old patient is suspected of having bacterial vaginosis. The diagnostic criterion that will confirm this diagnosis is:,a large number of white blood cells on vaginal wet prep.,the detection of clue cells.,the presence of hyphae on vaginal wet prep.,a ketone odor in vaginal secretions when KOH is added.,,,,B,"Clue cells (vaginal epithelial cells with stippled borders) are diagnostic for BV. Amsel criteria require 3 of 4: clue cells, thin discharge, pH>4.5, positive whiff test (amine odor).",regular,,,,
Family Nurse Practitioner,Family Nurse Practitioner Practice Exam Questions​,,"A nurse practitioner finds hematuria and an elevated prostate-specific antigen level. Prostate cancer is suspected if, on digital rectal exam, the prostate is:","enlarged, semifirm, and tender.",spongy and walnut-sized.,asymmetrical and nodular.,symmetrical and boggy.,,,,C,"Prostate cancer typically presents with hard, irregular, nodular, or asymmetrical prostate on DRE. Tenderness suggests prostatitis; boggy suggests BPH.",regular,,,,
Family Nurse Practitioner,Family Nurse Practitioner Practice Exam Questions​,,A 19-year-old veterinarian assistant presents with right epitrochlear lymphadenopathy. The nurse practitioner suspects atypical case of cat scratch disease (CSD) and knows that:,CSD is not transmitted via feline saliva or exposure to cat fleas.,a 7-day course of a cephalosporin is needed.,"antibiotics are not recommended, and the disease is self-limiting.",the patient will experience fever and fatigue for up to 4 weeks.,,,,C,Cat scratch disease (Bartonella henselae) is typically self-limiting; antibiotics not routinely recommended for mild cases. Transmission via scratches/saliva. Atypical CSD may require antibiotics.,regular,,,,
Family Nurse Practitioner,Family Nurse Practitioner Practice Exam Questions​,,Which of the following antibiotics has the best safety profile for the treatment of urinary tract infection in pregnancy?,Azithromycin (Z-pack),Amoxicillin (Amoxil),Trimethoprim-sulfamethoxazole (Bactrim),Nitrofurantoin (Macrobid),,,,D,Nitrofurantoin is preferred for UTI in pregnancy (except near term). TMP-SMX contraindicated in first trimester and near term. Amoxicillin has higher resistance. Azithromycin not first-line for UTI.,regular,,,,
Family Nurse Practitioner,Family Nurse Practitioner Practice Exam Questions​,,"A 35-year-old male complains of an abrupt onset of fever, malaise, pelvic pain, dysuria, and cloudy urine. The nurse practitioner is concerned about possible:",renal calculi.,urethritis.,acute bacterial prostatitis.,epididymitis.,,,,C,"Acute bacterial prostatitis presents with fever, malaise, pelvic/perineal pain, dysuria, often with systemic symptoms. Urethritis typically lacks systemic fever; epididymitis presents with testicular pain; renal calculi with colic.",regular,,,,
Family Nurse Practitioner,Family Nurse Practitioner Practice Exam Questions​,,The sexual partner of a symptomatic male patient with gonorrhea should be empirically treated with:,doxycycline (Doryx) and cefepime orally.,ceftriaxone (Rocephin) intramuscularly and doxycycline orally.,ceftriaxone (Rocephin) intramuscularly.,metronidazole (Flagyl) orally and penicillin G intramuscularly.,,,,B,CDC recommends dual therapy for gonorrhea: ceftriaxone IM + doxycycline orally for 7 days (if chlamydia not ruled out). Partner treatment is essential to prevent reinfection.,regular,,,,
Family Nurse Practitioner,Family Nurse Practitioner Practice Exam Questions​,,"In a 56-year-old male, the sudden onset of symptoms indicating acute urolithiasis typically presents as:",pain originating in the suprapubic area.,pain originating in the flank area.,severe nausea and vomiting.,hematuria.,,,,B,Acute urolithiasis presents with sudden severe flank pain radiating to groin (renal colic). Nausea/vomiting and hematuria are associated but not the hallmark initial presentation.,regular,,,,
Family Nurse Practitioner,Family Nurse Practitioner Practice Exam Questions​,,"When discussing breast cancer screening with a 45-year-old female, the nurse practitioner explains that:","for a female at average risk of developing breast cancer, screening is not recommended at this age.",screening is only recommended in patients with a history of breast cancer in the immediate family.,discuss the risks versus benefits of screening and use shared decision making to determine when to begin screening.,"a baseline mammogram is recommended now, with follow-up every 5 years.",,,,C,USPSTF recommends shared decision-making for mammography in women aged 40-49. Screening every 1-2 years. Not only for family history.,regular,,,,
Family Nurse Practitioner,Family Nurse Practitioner Practice Exam Questions​,,Small-volume bladder voids that contribute to nocturia are most likely caused by:,stress incontinence.,diuretics.,poor diabetes control.,benign prostatic hypertrophy.,,,,D,"BPH causes nocturia due to incomplete emptying and small-volume voids. Stress incontinence is leakage with cough/sneeze. Diuretics increase total urine volume, not small voids.",regular,,,,
Family Nurse Practitioner,Family Nurse Practitioner Practice Exam Questions​,,A 35-year-old patient complains of fatigue and weight gain over the past 6 months. The most appropriate initial test to evaluate for thyroid disorder is:,a thyroid panel.,a thyroid-stimulating hormone level.,free T4 and free T3 levels.,serum anti-TPO antibody level.,,,,B,"TSH is the most sensitive initial test for thyroid dysfunction. If abnormal, then free T4 and possibly T3 are obtained. Antibodies are for autoimmune etiology.",regular,,,,
Family Nurse Practitioner,Family Nurse Practitioner Practice Exam Questions​,,A 21-year-old sexually active male reports watery urethral discharge and complaints of dysuria. The MOST likely diagnosis is:,prostatitis.,epididymitis.,urethritis.,chlamydial proctitis.,,,,C,Urethritis presents with urethral discharge (watery or purulent) and dysuria. Prostatitis has pelvic/perineal pain; epididymitis has testicular swelling/pain; proctitis has rectal symptoms.,regular,,,,
Family Nurse Practitioner,Family Nurse Practitioner Practice Exam Questions​,,"A widowed 85-year-old female was recently moved from her home of 65 years to a bedroom in her adult child's home. According to reports by family members, she is now 'cantankerous,' gets 'mixed up' easily, and cries for no apparent reason. The factor or factors in the patient history that are NOT consistent with delirium are:",insidious onset and chronic progressive course.,a new anticholinergic medication.,dehydration and/or malnutrition.,recent changes in surroundings and routines.,,,,A,"Delirium has acute onset, fluctuating course. Insidious, chronic progressive course suggests dementia. Medications, dehydration, environmental changes can trigger delirium.",regular,,,,
Family Nurse Practitioner,Family Nurse Practitioner Practice Exam Questions​,,"When developmental dysplasia of the hip (DDH) is suspected in a 1-month-old infant female, the nurse practitioner would expect to observe:",symmetric gluteal folds and skin creases on both posterior thighs.,a positive Ortolani's maneuver.,inward turning of the leg on the side of the dislocated hip.,limited adduction of the thigh with hip flexion.,,,,B,"Ortolani's maneuver (clunk with abduction) is positive in DDH in infants under 2-3 months. Asymmetric gluteal folds may be present but less specific. Limited abduction, not adduction.",regular,,,,
Family Nurse Practitioner,Family Nurse Practitioner Practice Exam Questions​,,A 2-year-old child presents with persistent candidal diaper dermatitis. The child has been treated previously with several topical antifungal preparations in an attempt to clear the rash; nothing has been successful. The next step would be for the nurse practitioner to:,prescribe an oral antibiotic.,refer the child to a pediatric dermatologist.,order a CBC.,evaluate for glucose in the urine.,,,,D,Persistent candidal diaper rash despite treatment should prompt evaluation for underlying conditions like diabetes mellitus (glucosuria). Oral antibiotics would worsen candidiasis. Referral after ruling out systemic cause.,regular,,,,
Family Nurse Practitioner,Family Nurse Practitioner Practice Exam Questions​,,The developmental task for the family of an adolescent is to:,provide the adolescent with limits and restrictions.,encourage the adolescent's mastery of physical skills.,enable the adolescent to form a lasting relationship with another person.,provide the adolescent with increasing freedom and responsibility.,,,,D,"Family task for adolescents is to support increasing autonomy while maintaining connection, providing freedom with appropriate responsibility. Limits are needed but not the primary developmental task.",regular,,,,
Family Nurse Practitioner,Family Nurse Practitioner Practice Exam Questions​,,Which of the following is the current recommendation for human immunodeficiency virus (HIV) screening during pregnancy?,"Women should be tested with each pregnancy at the initial visit, using an 'opt-out' approach.","If the female has been tested at least once and is not high risk, testing is not recommended.",Only women who have risk behaviors should be tested with each pregnancy.,"Obtaining a polymerase chain reaction (PCR) test in the third trimester, just prior to delivery, is recommended.",,,,A,"CDC and ACOG recommend opt-out HIV screening for all pregnant women at first prenatal visit, and repeat testing in third trimester for high-risk or in high-prevalence areas.",regular,,,,
Family Nurse Practitioner,Family Nurse Practitioner Practice Exam Questions​,,"Persistent symptoms of fatigue, lower extremity edema, and paroxysmal nocturnal dyspnea in a 48-year-old female patient would require an evaluation for:",acute aortic dissection.,myocardial ischemia.,anxiety episode.,renal insufficiency.,,,,B,"Paroxysmal nocturnal dyspnea + edema + fatigue suggest heart failure, often due to myocardial ischemia or cardiomyopathy. Aortic dissection presents with acute tearing chest pain; anxiety doesn't cause PND.",regular,,,,
Family Nurse Practitioner,Family Nurse Practitioner Practice Exam Questions​,,A 65-year-old immunocompetent male with no underlying medical conditions presents in mid-October and requests the 'flu and pneumonia shots.' Record shows he received the influenza and PCV13 in January of the current year. The nurse practitioner recommends that he:,"receive the PCV13 and influenza vaccine today, and return in January for the PPSV23.",return in January to receive both the influenza and the PPSV23.,receive the influenza vaccine at this time and return in January for the PPSV23.,"receive the PPSV23 and the influenza vaccine today, then yearly.",,,,C,PCV13 is not routinely recommended for immunocompetent adults >65 if already given. PPSV23 is given after PCV13 with minimum interval of 1 year. Influenza vaccine is annual.,regular,,,,
Family Nurse Practitioner,Family Nurse Practitioner Practice Exam Questions​,,A 4-year-old female experienced a febrile seizure about 1 hour ago. The nurse practitioner informs the child's guardian that:,ibuprofen (Advil) and acetaminophen (Tylenol) should be administered every 2 hours for fever management.,the etiology of the fever must be determined.,anticonvulsant therapy will be initiated.,[missing text],,,,B,Febrile seizures are benign in otherwise healthy children. The priority is identifying and treating the underlying cause of fever. Anticonvulsants are not indicated for simple febrile seizures.,regular,,,,
Family Nurse Practitioner,Family Nurse Practitioner Practice Exam Questions​,,A nurse practitioner is counseling a patient on family planning. Which of the following women is LEAST likely to be at risk for inadequate micronutrient (e.g. vitamins and minerals) intake?,A 30-year-old female with lactase deficiency,A 35-year-old female with a history of bariatric surgery,A 27-year-old female who consumes a vegan diet,A 24-year-old female with type 1 diabetes,,,,D,"Type 1 diabetes does not inherently increase risk of micronutrient deficiency if well-managed with balanced diet. Lactase deficiency (calcium/Vit D), bariatric surgery (multiple deficiencies), vegan diet (B12, iron, calcium) all increase deficiency risk.",regular,,,,
Family Nurse Practitioner,Family Nurse Practitioner Practice Exam Questions​,,A 13-year-old patient was recently diagnosed with mild persistent asthma. The most effective drug combination to keep this child symptom-free is:,daily use of a short-acting bronchodilator.,an inhaled corticosteroid and cromolyn (Intal).,theophylline and a short-acting bronchodilator.,a short-acting bronchodilator prn and a daily inhaled corticosteroid.,,,,D,Mild persistent asthma: daily low-dose ICS (controller) + SABA as needed for symptoms. ICS is the most effective anti-inflammatory. Cromolyn is alternative but less effective.,regular,,,,
Family Nurse Practitioner,Family Nurse Practitioner Practice Exam Questions​,,Which of the following would NOT be included in the differential diagnosis list for a presentation of hyperthyroidism?,Withdrawal syndrome,Addison's disease,Thyrotoxicosis,Anticholinergic toxicity,,,,B,"Addison's disease (adrenal insufficiency) presents with fatigue, hypotension, hyperpigmentation - opposite of hyperthyroidism. Withdrawal syndrome can cause tachycardia/tremor; anticholinergic toxicity causes tachycardia/dry skin.",regular,,,,
Family Nurse Practitioner,Family Nurse Practitioner Practice Exam Questions​,,"When considering medications for a 42-year-old female, the choice that would NOT increase her risk for osteoporosis is:",omeprazole (Prilosec).,carbamazepine (Tegretol).,fluticasone (Flovent).,escitalopram (Lexapro).,,,,D,"Escitalopram (SSRI) has minimal effect on bone density. PPIs (calcium absorption), antiepileptics (vitamin D metabolism), and glucocorticoids (bone resorption) increase osteoporosis risk.",regular,,,,
Family Nurse Practitioner,Family Nurse Practitioner Practice Exam Questions​,,An 8-year-old male is on a catch-up schedule for immunizations. He returns today for his third hepatitis B injection. It has been 12 months since his second injection. The nurse practitioner should:,start the series over again.,give the third dose today.,check the patient's hepatitis B surface antigen before administering.,give one injection today and another as a booster.,,,,B,"If more than 5 months have elapsed between dose 2 and 3, give dose 3 as scheduled. No need to restart series. Serologic testing is not indicated for routine catch-up.",regular,,,,
Family Nurse Practitioner,Family Nurse Practitioner Practice Exam Questions​,,A 63-year-old male patient presents for follow-up after a cerebrovascular accident. A neurologic examination identifies abnormalities in cranial nerves IX and X. This is likely to cause:,constipation.,increased salivation.,dysphagia.,esophageal stricture.,,,,C,"CN IX (glossopharyngeal) and X (vagus) control swallowing and pharyngeal sensation. Damage causes dysphagia, risk of aspiration. Not constipation, salivation changes, or stricture.",regular,,,,
Family Nurse Practitioner,Family Nurse Practitioner Practice Exam Questions​,,A 35-year-old female is concerned about her risk of developing breast cancer. The factor that is considered protective against breast cancer is:,taking oral contraceptives.,breastfeeding.,conducting self-breast exams.,short stature.,,,,B,Breastfeeding is protective against breast cancer (relative risk reduction ~4% per 12 months). Oral contraceptives slightly increase risk. Self-exams don't affect risk; stature not clearly associated.,regular,,,,
Family Nurse Practitioner,Family Nurse Practitioner Practice Exam Questions​,,"The CAGE, MAST, and AUDIT questionnaires to detect problem drinking should be used:",for screening and to determine the need for intervention.,in conjunction with the standard patient history.,as a diagnostic tool for the early detection of problem drinking.,to determine the severity and pattern of alcohol use.,,,,A,These validated tools are screening instruments to identify problem drinking and guide need for intervention. They are not diagnostic (C) nor detailed severity/pattern assessment (D).,regular,,,,
Family Nurse Practitioner,Family Nurse Practitioner Practice Exam Questions​,,"A 28-year-old female is considering pregnancy. She has been taking combined oral contraceptives for the last 5 years. The nurse practitioner advises her that after stopping the contraceptive, fertility should return:",immediately.,within 90 days.,within 4 months.,in at least 6 months.,,,,B,Fertility typically returns within 90 days after stopping OCPs. 80% of women conceive within 1 year. No long-term fertility impairment from OCP use.,regular,,,,
Family Nurse Practitioner,Family Nurse Practitioner Practice Exam Questions​,,Precautions should be taken if a 65-year-old patient who wishes to receive the inactivated influenza vaccine (IIV):,is receiving warfarin.,has symptoms of bronchitis with a fever.,has COPD.,has stage 3 chronic kidney disease.,,,,B,"Influenza vaccine should be deferred in patients with moderate-to-severe acute illness with or without fever. Warfarin, COPD, CKD are not contraindications; intramuscular injection caution with bleeding disorders may be considered.",regular,,,,
Family Nurse Practitioner,Family Nurse Practitioner Practice Exam Questions​,,"The nurse practitioner examines a 6-year-old female who has had sore throat and fever for less than 24 hours. Based on the most common cause of pharyngitis in this age group, the most appropriate action is to:",prescribe amoxicillin in a weight-appropriate dose.,ask if any other family members have the same symptoms.,recommend supportive and symptomatic care.,prescribe a 5-day dose pack of azithromycin (Zithromax).,,,,C,Viral pharyngitis is most common in children; supportive care is appropriate. Antibiotics only if GAS confirmed by testing. Asking about family members is not the most appropriate action.,regular,,,,
Family Nurse Practitioner,Family Nurse Practitioner Practice Exam Questions​,,"A 7-year-old child has had a 'slapped cheek' rash for the last 24 hours. During the physical exam, the NP identifies a bright red lacy-appearing rash on the upper trunk, back, and buttocks. The patient is afebrile and states that the rash does not itch. The nurse practitioner should instruct the mother to:",keep the child home from school until the rash disappears.,send the child to school; they are no longer contagious.,make sure the child is not exposed to pregnant women for the next 2 weeks.,"allow the child to play outside, but avoid getting overheated.",,,,B,"Fifth disease (parvovirus B19) is contagious before rash appears. Once rash develops, child is no longer contagious. Pregnant women exposure is concern but child does not need to avoid them after rash.",regular,,,,
Family Nurse Practitioner,Family Nurse Practitioner Practice Exam Questions​,,Which of the following is NOT an overarching goal of Healthy People 2030 as published by the U.S. Department of Health and Human Services?,"Attain healthy, thriving lives and well-being free of preventable disease, disability, injury, and premature death.","Eliminate health disparities, achieve health equity, and attain health literacy to improve the health and well-being of all.","Create social, physical, and economic environments that promote attaining the full potential for health and well-being for all.","Increase accessibility to physicians and other healthcare providers, especially in rural communities.",,,,D,"HP2030 goals focus on health equity, social determinants, and well-being. Specific provider accessibility is not an overarching goal; it's a strategy.",regular,,,,
Family Nurse Practitioner,Family Nurse Practitioner Practice Exam Questions​,,A patient has a 24 pack year history of cigarette smoking and a chronic cough. The nurse practitioner suspects chronic obstructive pulmonary disease (COPD). The diagnostic criterion for COPD is an FEV1/FVC ratio of:,less than 70%.,less than 75%.,less than 80%.,less than 85%.,,,,A,GOLD criteria: post-bronchodilator FEV1/FVC < 0.70 (70%) confirms persistent airflow limitation. This is the diagnostic standard for COPD.,regular,,,,
Family Nurse Practitioner,Family Nurse Practitioner Practice Exam Questions​,,A 16-year-old female presents with complaints of headache. A fundoscopic examination is performed. The nurse practitioner knows that a normal optic disc appears:,pink and hyperemic.,yellowish orange to creamy pink.,[missing text],white.,,,,B,Normal optic disc is yellowish-orange to creamy pink. Hyperemic suggests inflammation; pallor/white suggests optic atrophy.,regular,,,,
Family Nurse Practitioner,Family Nurse Practitioner Practice Exam Questions​,,A 24-year-old patient is diagnosed with acute otitis media. The finding that strongly suggests rupture of the tympanic membrane as a result of infection is:,a yellow tympanic membrane.,an erythematous tympanic membrane with bulging.,discolored otic discharge in the external canal.,"a dull, opaque tympanic membrane.",,,,C,Purulent or bloody otorrhea in setting of AOM indicates TM rupture. Yellow/erythematous/bulging/dull suggest AOM without perforation.,regular,,,,
Family Nurse Practitioner,Family Nurse Practitioner Practice Exam Questions​,,Which one of the following symptoms is a common sign of a manic episode?,Incomplete tasks,Less than 4 hours of sleep nightly,Deflated self-esteem,Providing inappropriate answers,,,,B,Decreased need for sleep (often <4 hours) with high energy is characteristic of mania. Incomplete tasks may occur but not diagnostic; deflated self-esteem is depression; inappropriate answers occur in thought disorders.,regular,,,,
Family Nurse Practitioner,Family Nurse Practitioner Practice Exam Questions​,,"In an 11-year-old female, the earliest physical examination finding that is a secondary sexual characteristic is:",thelarche.,the development of pubic hair.,evidence of linear growth.,onset of menarche.,,,,A,"Thelarche (breast development) is typically the first sign of puberty in girls, occurring around age 8-13. Pubic hair may appear simultaneously or slightly later. Menarche occurs later (average 12-13 years).",regular,,,,
Family Nurse Practitioner,Family Nurse Practitioner Practice Exam Questions​,,"In considering treatment goals for a 20-year-old patient with asthma, which of the following is considered secondary prevention?",Prevention of acute recurrent exacerbations,Prevention of loss of lung function,Optimization of pharmacotherapy with minimal adverse effects,Maintenance of normal daily physical activity,,,,A,Secondary prevention aims to reduce impact of established disease. Preventing exacerbations is secondary prevention. Maintenance of daily activity and optimizing therapy are disease management goals.,regular,,,,
Family Nurse Practitioner,AANP Family Nurse Practitioner Exam,,Symptoms of systemic lupus erythematosus (SLE) that more commonly occur in children than in adults include:,fever and lymphadenopathy.,pleuritis and hip pain.,dry eyes and dry mouth.,poor wound healing and neutropenia.,,,,A,"Children with SLE more frequently present with fever, lymphadenopathy, hepatosplenomegaly, and renal involvement. Dry eyes/mouth (Sjogren's) more common in adults.",regular,,,,
Family Nurse Practitioner,AANP Family Nurse Practitioner Exam,,"A 55-year-old male is diagnosed with hypertension. His blood pressure readings have been gradually increasing over time, with a reading today of 152/98 mm Hg. Diagnostic studies are normal. The MOST likely diagnosis for this patient is:",resistant hypertension.,essential hypertension.,secondary hypertension.,isolated systolic hypertension.,,,,B,"Essential (primary) hypertension accounts for 90-95% of cases, with gradual onset, no identifiable cause. Resistant hypertension requires >3 medications; secondary has identifiable cause; isolated systolic has DBP <90.",regular,,,,
Family Nurse Practitioner,AANP Family Nurse Practitioner Exam,,"After completion of a 7-day course of doxycycline (Vibramycin) for the treatment of chlamydia, an 18-year-old patient returns to the clinic for a follow-up exam. Symptoms appear to have resolved, and the nurse practitioner explains to the patient that test-of-cure:",is recommended 2 weeks after completion of therapy.,is required 6 weeks after completion of therapy.,should be performed 3 months after completion of therapy.,is not recommended unless symptoms recur.,,,,D,CDC recommends test-of-cure for chlamydia only in pregnancy or if adherence concerns. Routine test-of-cure not indicated for non-pregnant patients if symptoms resolved and treatment completed. Rescreening at 3 months for reinfection is recommended.,regular,,,,
Family Nurse Practitioner,AANP Family Nurse Practitioner Exam,,Which of the following patients should be evaluated for testicular cancer?,13-year-old with gynecomastia,A 20-year-old college student with complaints of erectile dysfunction,An 18-year-old quarterback with painless swelling of the right testicle,A 40-year-old male with joint pain and cervical lymphadenopathy,,,,C,"Painless testicular mass or swelling is the classic presentation of testicular cancer, most common in 15-35 year olds. Gynecomastia, ED, joint pain/lymphadenopathy are not typical presentations.",regular,,,,
Family Nurse Practitioner,AANP Family Nurse Practitioner Exam,,A 58-year-old male presents for a well exam. Examination reveals a full-thickness ulcer with surrounding callused skin on the plantar aspect of the first metatarsophalangeal joint of the right foot. He states that it is not painful. This condition is most likely:,a pressure ulcer.,a neuropathic ulcer.,a venous stasis ulcer.,a bunion.,,,,B,"Neuropathic (diabetic) ulcers occur on plantar surface, are painless due to neuropathy, have callused borders. Pressure ulcers over bony prominences. Venous stasis ulcers have irregular borders, on lower leg. Bunion is deformity, not ulcer.",regular,,,,
Family Nurse Practitioner,AANP Family Nurse Practitioner Exam,,"Depressed mood and tooth erosion are present in a 22-year-old patient. Initially, the patient should be referred to a:",dietitian.,dentist.,cognitive behavioral therapist.,[missing text],,,,C,Depressed mood + tooth erosion suggests bulimia nervosa (self-induced vomiting). Cognitive behavioral therapy is first-line treatment. Dentist can identify erosion but CBT addresses underlying disorder.,regular,,,,
Family Nurse Practitioner,AANP Family Nurse Practitioner Exam,,The most appropriate treatment for a child with mild croup is:,a bronchodilator.,an antibiotic.,a decongestant.,a cool mist vaporizer.,,,,D,"Mild croup is treated with supportive care: cool mist, hydration, reassurance. Corticosteroids (dexamethasone) may be used. Bronchodilators are for asthma; antibiotics for bacterial; decongestants not effective.",regular,,,,
Family Nurse Practitioner,AANP Family Nurse Practitioner Exam,,A 55-year-old male has microscopic hematuria. He is otherwise asymptomatic. The initial test that is MOST sensitive for further evaluation of this patient is a(n):,cystoscopy.,intravenous pyelogram.,ultrasound of the bladder.,CT of the abdomen/pelvis.,,,,D,"CT urography (abdomen/pelvis with contrast) is the most sensitive imaging for evaluating asymptomatic microscopic hematuria, detecting stones, tumors, or other causes. Cystoscopy is invasive, IVP less sensitive.",regular,,,,
Family Nurse Practitioner,AANP Family Nurse Practitioner Exam,,A screening ultrasound on a 65-year-old patient shows an abdominal aortic aneurysm that is 5.5 cm in diameter. The patient is asymptomatic. The clinician should:,repeat the ultrasound in 3 months.,refer to a cardiothoracic surgeon.,start an antihypertensive agent.,order a CT angiogram.,,,,B,"AAA ≥5.5 cm in men or ≥5.0 cm in women, or symptomatic, or rapidly expanding, requires surgical referral. Surveillance not appropriate at this size. CT angiogram may be ordered by surgeon.",regular,,,,
Family Nurse Practitioner,AANP Family Nurse Practitioner Exam,,Which of the following is NOT a prerenal condition that may lead to subacute kidney injury?,Overdiuresis,Decreased oral intake,Malignant hypertension,Diarrhea,,,,C,"Malignant hypertension causes intrinsic renal injury (hypertensive nephrosclerosis), not prerenal. Prerenal causes include volume depletion (diarrhea, decreased intake, overdiuresis) or decreased perfusion.",regular,,,,
Family Nurse Practitioner,AANP Family Nurse Practitioner Exam,,A first-occurrence urinary tract infection is diagnosed in a 4-year-old female. Which of the following statements is true?,A first-occurrence UTI is unusual at this age.,This child should be evaluated for constipation.,This likely indicates an underlying problem.,The most likely causative organism is E. coli.,,,,D,E. coli is the most common uropathogen in children as well as adults. UTIs are not unusual at age 4; constipation may be a risk factor but not an absolute evaluation requirement; underlying anomalies are less likely with first UTI at this age.,regular,,,,
Family Nurse Practitioner,AANP Family Nurse Practitioner Exam,,"A recently divorced 29-year-old male reports poor appetite, low-grade fever, and malaise. His ALT is 650 U/L; AST is 250 U/L. Normal ranges: ALT 0-48, AST 0-42. This patient's lab results are most likely suggestive of:",chronic hepatitis.,acute viral hepatitis.,acetaminophen toxicity.,alcoholic hepatitis.,,,,B,Markedly elevated ALT (>10-15x upper limit) with AST > ALT suggests acute viral hepatitis. Chronic hepatitis has lower elevations; acetaminophen toxicity typically has very high AST/ALT; alcoholic hepatitis has AST:ALT >2:1.,regular,,,,
Family Nurse Practitioner,AANP Family Nurse Practitioner Exam,,"A 55-year-old male has decided, through shared decision making with the NP, to be screened for prostate cancer. The preferred method of screening is:",digital rectal examination (DRE) plus prostate-specific antigen (PSA) measurement.,serum PSA measurement.,digital rectal exam.,PSA measurement and transrectal ultrasound (TRUS).,,,,B,"PSA alone is the preferred initial screening test per USPSTF and AUA. DRE adds little sensitivity when PSA is normal. TRUS is diagnostic, not screening.",regular,,,,
Family Nurse Practitioner,AANP Family Nurse Practitioner Exam,,The NP advises a 49-year-old patient with hypothyroidism that the best exercise to decrease the risk of osteoporosis is:,swimming.,biking.,walking.,yoga.,,,,C,"Weight-bearing exercises (walking, jogging, weight training) are most effective for bone density. Swimming and biking are non-weight-bearing; yoga improves flexibility but less impact on bone density.",regular,,,,
Family Nurse Practitioner,AANP Family Nurse Practitioner Exam,,"When evaluating a patient with depression and suicidal ideation, the NP knows that the patient who is most likely to successfully commit suicide is:",a 25-year-old Hispanic female.,a 30-year-old White female.,a 45-year-old Asian male.,an 80-year-old White male.,,,,D,"Elderly white males have the highest suicide completion rate. Risk factors include male gender, older age, white race, depression, social isolation, physical illness.",regular,,,,
Family Nurse Practitioner,AANP Family Nurse Practitioner Exam,,The CBC for a 48-year-old obese male with symptoms of obstructive sleep apnea shows elevated red blood cells. The best course of action is to order a sleep study and:,a daily multivitamin with iron.,daily low-dose aspirin.,melatonin before bed.,vitamin B12.,,,,B,Elevated RBCs in OSA suggest secondary erythrocytosis due to chronic hypoxia. Low-dose aspirin reduces thrombotic risk. Iron and B12 are for deficiency; melatonin not indicated.,regular,,,,
Family Nurse Practitioner,AANP Family Nurse Practitioner Exam,,A grade school principal reports being exposed to a student with pertussis. The principal is currently asymptomatic. The best course of action is to:,monitor for symptom development.,initiate a cephalosporin prophylactically.,treat prophylactically with a macrolide.,initiate a fluoroquinolone within 72 hours of exposure.,,,,C,Post-exposure prophylaxis for pertussis is with a macrolide (azithromycin) within 21 days of exposure. Cephalosporins and fluoroquinolones are not effective for Bordetella pertussis.,regular,,,,
Family Nurse Practitioner,AANP Family Nurse Practitioner Exam,,A patient reports he was diagnosed with hepatitis B infection 1 year ago and has not seen a healthcare provider since then. What information should this patient receive at this time?,Hepatitis B is a self-limiting viral infection and is infrequently associated with chronic disease.,Hepatitis B is associated with the development of hepatocellular carcinoma.,Hepatitis B vaccine is recommended to prevent the damaging effects of chronic infection.,No known treatment will normalize liver functions and improve liver histology.,,,,B,"Chronic hepatitis B increases risk of hepatocellular carcinoma. It is not self-limiting in all; vaccine is preventive, not therapeutic; antiviral treatments exist.",regular,,,,
Family Nurse Practitioner,AANP Family Nurse Practitioner Exam,,Chlamydia was diagnosed in a 23-year-old patient who is not pregnant. The recommended treatment is:,levofloxacin for 5 days.,doxycycline for 7 days.,azithromycin 500 mg plus ceftriaxone 500 mg x1 dose.,(option D not visible in image),,,,B,CDC recommends doxycycline 100 mg BID x7 days for chlamydia. Azithromycin 1g single dose is alternative. Ceftriaxone is for gonorrhea co-treatment.,regular,,,,
Family Nurse Practitioner,AANP Family Nurse Practitioner Exam,,Screening for type 2 diabetes in a child with BMI in the 85th percentile and at least one other T2DM risk factor should occur at minimum:,every other year starting at age 5 years.,every other year beginning at age 8 years.,yearly beginning at age 8 years.,every 3 years beginning at age 10 years.,,,,A,"ADA recommends screening overweight/obese children with additional risk factors starting at age 10 or at onset of puberty, then every 3 years. Starting at age 5 is incorrect; yearly is too frequent.",regular,,,,
Family Nurse Practitioner,AANP Family Nurse Practitioner Exam,,"A unique provider identification number is required for all healthcare providers, established by HIPAA Administrative Simplification Standard. The term for this number is:",Medicare standard number.,national provider identifier.,certification number.,state licensure number.,,,,B,National Provider Identifier (NPI) is the unique 10-digit number required by HIPAA for all healthcare providers. It is standard across all payers.,regular,,,,
Family Nurse Practitioner,AANP Family Nurse Practitioner Exam,,"An otherwise healthy 12-year-old had elevated BP 2 weeks ago and now remains elevated, diagnosed with prehypertension. The MOST appropriate intervention is:","order a CBC, serum chemistries, and urinalysis.",initiate lifestyle changes.,prescribe an ACE inhibitor.,prescribe potassium supplementation.,,,,B,"For prehypertension in children, lifestyle modifications (diet, exercise, weight management) are first-line. Medications not indicated. Diagnostic workup may be considered but not first step.",regular,,,,
Family Nurse Practitioner,AANP Family Nurse Practitioner Exam,,A 53-year-old male with BPH takes sildenafil for erectile dysfunction. The medication that is LEAST likely to interact with Viagra is:,tamsulosin.,finasteride.,alfuzosin.,doxazosin.,,,,B,"Finasteride (5-alpha reductase inhibitor) does not cause hypotension and has no significant interaction with sildenafil. Alpha-blockers (tamsulosin, alfuzosin, doxazosin) can cause additive hypotensive effects.",regular,,,,
Family Nurse Practitioner,AANP Family Nurse Practitioner Exam,,"A 67-year-old male has a 20 pack-year smoking history, quit 7 years ago. To screen for abdominal aortic aneurysm, the NP should order:",aortography.,an abdominal ultrasound.,"a CT of the abdomen, including renal arteries.",a transesophageal echocardiogram.,,,,B,USPSTF recommends one-time abdominal ultrasound screening for AAA in men aged 65-75 with smoking history. CT is more expensive with radiation; aortography is invasive.,regular,,,,
Family Nurse Practitioner,AANP Family Nurse Practitioner Exam,,A 21-year-old female is suspected to have trichomoniasis. The most sensitive diagnostic test for detecting Trichomonas vaginalis in females is:,wet prep.,a rapid antigen test.,vaginal culture.,nucleic acid amplification test.,,,,D,NAAT is the most sensitive test for trichomoniasis. Wet prep sensitivity ~50-70%; culture is sensitive but slower; rapid antigen less sensitive than NAAT.,regular,,,,
Family Nurse Practitioner,AANP Family Nurse Practitioner Exam,,"Loud, hollow, high-pitched sounds heard anteriorly over the manubrium and posteriorly between C7 and T3 vertebrae is termed:",bronchial breath sounds.,abnormal breath sounds.,bronchovesicular breath sounds.,vesicular breath sounds.,,,,A,"Bronchial breath sounds are loud, hollow, high-pitched, heard over trachea and main bronchi (manubrium, C7-T3). Bronchovesicular are medium-pitched; vesicular are soft/low-pitched.",regular,,,,
Family Nurse Practitioner,AANP Family Nurse Practitioner Exam,,A 22-year-old college student presents with cough for about 6 weeks. Which diagnosis would be in the differential list?,Pneumonia,Upper respiratory infection,Acute bronchitis,Asthma,,,,D,"Chronic cough (>4 weeks) differential includes asthma, post-nasal drip, GERD, and pertussis. Pneumonia, URI, acute bronchitis typically resolve within 3 weeks.",regular,,,,
Family Nurse Practitioner,AANP Family Nurse Practitioner Exam,,A 16-year-old patient with mild inflammatory facial acne seeks treatment. The NP should prescribe:,a topical antibiotic as monotherapy.,topical benzoyl peroxide combined with a systemic antibiotic.,a systemic antibiotic alone.,combination therapy with a topical retinoid and an antimicrobial.,,,,D,First-line for mild inflammatory acne: combination of topical retinoid + topical antimicrobial (benzoyl peroxide or antibiotic). Systemic antibiotics reserved for moderate-severe or refractory cases.,regular,,,,
Family Nurse Practitioner,AANP Family Nurse Practitioner Exam,,A 41-year-old patient takes buspirone for anxiety but reports 3 panic attacks in the last week. The most appropriate class for short-term treatment of anxiety in this patient is:,tricyclic antidepressants.,selective serotonin reuptake inhibitors.,benzodiazepines.,beta blockers.,,,,C,Benzodiazepines are indicated for short-term management of acute panic attacks/breakthrough anxiety. SSRIs/TCAs are first-line for maintenance but not acute relief. Beta-blockers for performance anxiety.,regular,,,,
Family Nurse Practitioner,AANP Family Nurse Practitioner Exam,,A 50-year-old male reports several episodes of vomiting blood. Comorbid conditions that may lead to upper GI bleeding include:,gastroesophageal reflux without esophagitis.,Crohn's disease.,nonalcoholic cirrhosis of the liver.,microcytic anemia.,,,,C,"Cirrhosis (non-alcoholic or alcoholic) can cause portal hypertension, leading to esophageal varices and upper GI bleeding. GERD without esophagitis rarely causes bleeding; Crohn's affects lower GI; microcytic anemia is a consequence, not cause.",regular,,,,
Family Nurse Practitioner,AANP Family Nurse Practitioner Exam,,Cigarette smoking while breastfeeding is associated with an increased risk of infant:,reflux,failure to thrive,galactosemia,respiratory allergy,,,,B,"Smoking during breastfeeding is associated with increased risk of infant respiratory infections, wheezing, and SIDS. Not specifically reflux, failure to thrive, galactosemia, or allergy as the primary association.",regular,,,,
Family Nurse Practitioner,AANP Family Nurse Practitioner Exam,,"A 30-year-old patient presents with generalized hyperpigmentation on both forearms and both knees. The patient states that she has been experiencing progressive weakness, fatigue, recent weight loss, salt craving, and intermittent episodes of dizziness. The physical exam reveals hypotension, an absence of axillary and pubic hair, and several hyperpigmented areas over the extremities. The MOST likely diagnosis is:",sarcoidosis,Cushing's syndrome,Addison's disease,hypothyroidism,,,,C,"Addison's disease (primary adrenal insufficiency) presents with hyperpigmentation, fatigue, weight loss, salt craving, hypotension, and loss of axillary/pubic hair. Cushing's has hypercortisolism; hypothyroidism doesn't cause hyperpigmentation.",regular,,,,
Family Nurse Practitioner,AANP Family Nurse Practitioner Exam,,"A 60-year-old patient with a history of rheumatic fever presents with complaints of dyspnea. While the patient is lying on their left side and holding their breath, the nurse practitioner auscultates a low-pitched diastolic murmur over the apex. This is most likely:",pulmonary stenosis,mitral valve prolapse,mitral stenosis,aortic stenosis,,,,C,Rheumatic fever history + low-pitched diastolic murmur at apex (with patient in left lateral decubitus) is classic for mitral stenosis. Pulmonary stenosis is systolic; mitral prolapse is mid-systolic click; aortic stenosis is systolic at right 2nd ICS.,regular,,,,
Family Nurse Practitioner,AANP Family Nurse Practitioner Exam,,"A 78-year-old female is accompanied by her adult child, who reports that her mother has become forgetful. The nurse practitioner should consider mild dementia if the patient has difficulty remembering:",the name of her spouse,whether she took her daily medications,her birthday,how to start her car,,,,B,Forgetfulness interfering with daily activities (medication adherence) suggests mild cognitive impairment/dementia. Forgetting spouse's name or birthday suggests more advanced disease; forgetting how to start car indicates significant functional impairment.,regular,,,,
Family Nurse Practitioner,AANP Family Nurse Practitioner Exam,,A 37-year-old female patient is pregnant for the first time. The most appropriate time for amniocentesis to be performed on a pregnant female patient is:,at 11 weeks' gestation,between 15 and 20 weeks' gestation,between 24 and 28 weeks' gestation,after 28 weeks' gestation,,,,B,Amniocentesis is typically performed between 15-20 weeks for genetic testing. Earlier (11-14 weeks) carries higher risk; later for lung maturity assessment.,regular,,,,
Family Nurse Practitioner,AANP Family Nurse Practitioner Exam,,"An urgent call is received from a patient's spouse, who states that their husband is having chest pain that is unrelieved by three nitroglycerin tablets. The nearest hospital is 40 minutes away. Besides having the patient reach the hospital as soon as possible, what intervention can the nurse practitioner suggest to increase the chances of a positive outcome?",Have the patient chew an aspirin on the way to the hospital.,Have the patient take nitroglycerin every 5 minutes until he reaches the hospital.,"Ask the patient's wife, a nurse, to check his blood pressure and call you with the results.",Tell the patient not to take any more nitroglycerin for 15 minutes.,,,,A,Aspirin 324 mg chewed as soon as possible in suspected MI reduces mortality. Continuing NTG beyond 3 doses without BP monitoring is unsafe; delaying care for BP check is not recommended.,regular,,,,
Family Nurse Practitioner,AANP Family Nurse Practitioner Exam,,"When considering a diagnosis of chronic kidney disease in a 65-year-old female, the criteria that is NOT considered diagnostic is:",decreased glomerular filtration rate (GFR) in a steady state,identification of the underlying cause,decreased kidney function for at least 3 months,increased serum creatinine and urea,,,,B,CKD is defined by GFR <60 mL/min or markers of kidney damage for ≥3 months. Identification of underlying cause is desirable but not required for diagnosis. Increased creatinine/urea alone is not specific.,regular,,,,