school,exam,extract,question,choiceA,choiceB,choiceC,choiceD,choiceE,choiceF,choiceG,correct_answer,rationale,question_type,image,url,wrong_answer
Nurse Aide,Nurse Aide Certification Practice Test,,"When questions are asked about a client's death, the nurse aide should tell other clients that:",the client was sent to the hospital.,the family took the client home.,the client died and encourage them to talk about it.,they should not ask such questions.,,,,C,Honesty plus emotional support is best practice: state the fact of death and allow expression of grief.,Regular,,,
Nurse Aide,Nurse Aide Certification Practice Test,,"For a client with dentures, which action should the aide perform during denture care?",Floss upper and lower teeth first.,Rinse the mouth with cool or warm water.,Clean dentures with a hard-bristled brush.,"Store dentures in a clean, dry cup.",,,,B,Mouth rinse removes debris and checks fit/comfort before re-insertion; dentures are cleaned with soft brush and kept moist.,Regular,,,
Nurse Aide,Nurse Aide Certification Practice Test,,"Before giving a bed bath, which action should the aide take FIRST?",Check water temperature.,Check the client's care plan.,Position bed at waist height.,Lower side-rail on working side.,,,,B,"Care plan lists precautions, mobility limits, and preferencesâ€”review before gathering supplies or adjusting bed.",Regular,,,
Nurse Aide,Nurse Aide Certification Practice Test,,A client on a liquid diet is served a large piece of meat. The FIRST thing the aide should do is:,report this to the nurse in charge.,cut meat into small pieces.,remove the tray.,give meat to another client.,,,,A,Diet errors are a safety issue; nurse must correct order and notify kitchen.,Regular,,,
Nurse Aide,Nurse Aide Certification Practice Test,,A relative asks in a supermarket if the client's roommate has ever been in a mental hospital. The BEST reply is:,It would not be right for me to talk about another client.,"I'm not sure, but I think so.","Yes, but the client is much better now.","I don't know, but I will check the record and call you.",,,,A,HIPAA and professional ethics prohibit disclosure of any information about other clients.,Regular,,,
Nurse Aide,Nurse Aide Certification Practice Test,,How many hours of continuing education must an agency provide to nurse aides every year?,12 h,24 h,6 h,10 h,,,,A,Federal rule requires 12 clock-hours of in-service training per 12-month period.,Regular,,,
Nurse Aide,Nurse Aide Certification Practice Test,,Which term is defined as the knowledge of right and wrong?,Laws,Ethics,Living wills,Advance directives,,,,B,Ethics is the study of moral values; laws are enforceable rules.,Regular,,,
Nurse Aide,Nurse Aide Certification Practice Test,,A urinal is left on the bedside table. The BEST action before further care is to:,sanitize table with bleach.,clean table with a sterilizer.,wipe table with soap and water.,replace bedside table with a clean one.,,,,C,Soap-and-water wash removes organic residue; disinfectant is used after visible soil is removed.,Regular,,,
Nurse Aide,Nurse Aide Certification Practice Test,,A client shows the aide a large roll of money. The BEST action is:,say nothing so others won't know.,encourage client to keep money in office safe.,tell client to keep money in a wallet.,take money to charge nurse right away.,,,,D,Valuables are facility property until secured; follow policyâ€”usually nurse places in safe.,Regular,,,
Nurse Aide,Nurse Aide Certification Practice Test,,Adaptive devices are used to:,prevent infection.,remind staff of needs.,help client remain independent.,save aide time.,,,,C,"Adaptive equipment (reachers, built-up utensils) promotes client self-care.",Regular,,,
Nurse Aide,Nurse Aide Certification Practice Test,,Prompt changing of soiled incontinence briefs will help to:,prevent further incontinence.,improve ROM.,improve decision-making.,prevent skin damage.,,,,D,Moisture is primary risk factor for IAD and pressure injuryâ€”brief changes protect skin.,Regular,,,
Nurse Aide,Nurse Aide Certification Practice Test,,The main reason for keeping the drainage bag below bladder level is to:,allow aide to see urine amount.,prevent leakage on linens.,keep urine from flowing back into bladder.,make emptying easier.,,,,C,Gravity prevents reflux and reduces risk of CAUTI.,Regular,,,
Nurse Aide,Nurse Aide Certification Practice Test,,The aide can promote client rights by:,telling client dinner is ready.,taking client to scheduled therapy.,choosing client's clothing.,asking client which activity s/he would like to attend.,,,,D,Offering choice respects autonomy and right to participate in care decisions.,Regular,,,
Nurse Aide,Nurse Aide Certification Practice Test,,An example of courtesy is:,wearing facility uniform.,taking credit for another's work.,helping others willingly when asked.,completing another aide's documentation.,,,,C,Voluntary helpfulness demonstrates professional courtesy and teamwork.,Regular,,,
Nurse Aide,Nurse Aide Certification Practice Test,,"When communicating with another aide about a change in condition, you should:",give facts and be specific.,give opinion about cause.,use only medical terms.,repeat what last aide observed.,,,,A,"Factual, concise report ensures continuity of care and reduces error.",Regular,,,
Nurse Aide,Nurse Aide Certification Practice Test,,"When weighing a client with a bed scale, the aide should FIRST:",adjust bed to safe level.,explain procedure.,balance the scale.,attach sling to scale.,,,,C,Zeroing/balancing the scale prevents inaccurate readingsâ€”safety & explanation come next.,Regular,,,
Nurse Aide,Nurse Aide Certification Practice Test,,"When dressing a client, the aide SHOULD:",dress client in wheelchair.,give client a gown every day.,dress strong side first.,give client choice of what to wear.,,,,D,Respecting clothing choice supports dignity and autonomy.,Regular,,,
Nurse Aide,Nurse Aide Certification Practice Test,,"After using a disposable razor, dispose of the uncapped razor in:",client's wastebasket.,soiled linen cart.,puncture-proof container.,utility-room wastebasket.,,,,C,"OSHA requires sharps in biohazard, puncture-resistant container.",Regular,,,
Nurse Aide,Nurse Aide Certification Practice Test,,"When making an occupied bed, the aide SHOULD:",keep side-rails unlocked & lowered.,avoid talking to client.,pull top sheet tightly over feet.,make sheets smooth & tight under client.,,,,A,"Lowered, unlocked rails allow easy reach and skin inspection while maintaining safety.",Regular,,,
Nurse Aide,Nurse Aide Certification Practice Test,,"To increase fluid intake, the aide should:",insist client drink.,tell family to give fluids.,offer variety of fluids frequently.,limit amount offered.,,,,C,"Frequent, appealing choices increase voluntary consumption without coercion.",Regular,,,
Nurse Aide,Nurse Aide Certification Practice Test,,A common sign of approaching death is:,high blood pressure.,decreased urinary output.,clenched jaw.,increased thirst.,,,,B,Oliguria reflects organ shutdown and is a late harbinger of death.,Regular,,,
Nurse Aide,Nurse Aide Certification Practice Test,,"During catheter care, wash the catheter tubing:",toward the client.,away from the client.,in a circular motion.,back-and-forth.,,,,B,Clean from meatus outward to move contamination away from urethral opening.,Regular,,,
Nurse Aide,Nurse Aide Certification Practice Test,,"A client says, â€œI am a morning person; evening shower is better.â€ Appropriate response is:",Tell client no changes can be made.,Discuss with charge nurse & team to adjust schedule.,Say you understand but do nothing.,Ask family to convince client.,,,,B,Accommodating preference is resident-centered care; involve nurse to revise plan.,Regular,,,
Nurse Aide,Nurse Aide Certification Practice Test,,"While en-route to give a bed-bath, you hear a bed-alarm. You SHOULD:",continue to assigned room.,go to alarm room.,call for help once in assigned room.,check alarm after bath.,,,,B,"Fall-risk alarm takes priorityâ€”prevent injury first, then resume assigned task.",Regular,,,
Nurse Aide,Nurse Aide Certification Practice Test,,"When preparing a client for discharge, the aide is responsible to:",call family.,write discharge summary.,assist packing belongings.,notify PCP office.,,,,C,Packing personal items is within aide scope; summaries and notifications are nurse tasks.,Regular,,,
Nurse Aide,Nurse Aide Certification Practice Test,,Hypoglycemia symptoms to watch for include:,sweating or headache.,abdominal pain.,"sweet, fruity breath.",nausea and vomiting.,,,,A,"Adrenergic response to low glucose: diaphoresis, headache, tremor.",Regular,,,
Nurse Aide,Nurse Aide Certification Practice Test,,"When communicating with a clientâ€™s family, the aide SHOULD:",relay full health status.,say everything will be better tomorrow.,be helpful and courteous.,explain meds & treatments.,,,,C,Courtesy and helpfulness build trust; clinical updates come from nurse.,Regular,,,
Nurse Aide,Nurse Aide Certification Practice Test,,A gait-belt is used to:,assist ambulation.,hold up pants.,support a binder.,support abdominal dressing.,,,,A,Primary purpose is safe transfer & walking assistance.,Regular,,,
Nurse Aide,Nurse Aide Certification Practice Test,,Client reports pain during feeding. You SHOULD:,offer ice chips.,lower head of bed & reposition.,skip next feeding.,inform charge nurse.,,,,D,"Report symptoms; nurse assesses for aspiration, GI issues, or medication needs.",Regular,,,
Nurse Aide,Nurse Aide Certification Practice Test,,"When washing a clientâ€™s hair, the aide SHOULD:",clean hair during shower.,shampoo at sink.,finish quickly.,follow the care plan.,,,,D,"Care plan specifies method, frequency, and precautionsâ€”always the guide.",Regular,,,
Nurse Aide,Nurse Aide Certification Practice Test,,The aide SHOULD wear gloves when:,combing hair.,ambulating client.,assisting with oral care.,transporting clean linen.,,,,C,Oral care involves saliva contactâ€”standard precaution.,Regular,,,
Nurse Aide,Nurse Aide Certification Practice Test,,"In case of fire, the FIRST thing the aide should do is:",remove clients in immediate danger.,close all doors.,notify fire dept.,notify nurse.,,,,A,"RACE protocol: Rescue persons in danger first, then Alarm, Confine, Extinguish.",Regular,,,
Nurse Aide,Nurse Aide Certification Practice Test,,"To promote urination, the BEST method is:",toilet regularly with privacy.,limit daytime fluids.,increase salt intake.,talk while client voids.,,,,A,Privacy and routine reduce anxiety and stimulate normal voiding reflex.,Regular,,,
Nurse Aide,Nurse Aide Certification Practice Test,,"During restorative care, the aide SHOULD:",encourage independence & self-care.,promise no setbacks.,assist if it takes too long.,exclude family.,,,,A,Rehabilitation goal is maximum self-sufficiencyâ€”prompt only as needed.,Regular,,,
Nurse Aide,Nurse Aide Certification Practice Test,,An Alzheimer client curses at you. BEST response is:,distract with activity.,ask how cursing would feel.,explain insults arenâ€™t fair.,tell client never to repeat.,,,,A,"Redirection avoids escalation and meets underlying need (boredom, frustration).",Regular,,,
Nurse Aide,Nurse Aide Certification Practice Test,,A non-verbal client may show pain by:,laughing.,smiling.,eating.,grimacing.,,,,D,Facial contortion is a universal pain indicator in cognitively impaired.,Regular,,,
Nurse Aide,Nurse Aide Certification Practice Test,,"Speaking to an aphasic client, the aide should:",ask yes/no questions.,limit interaction.,speak through family only.,speak slowly & loudly.,,,,A,Binary questions reduce language demand and allow nod/shake replies.,Regular,,,
Nurse Aide,Nurse Aide Certification Practice Test,,A wrist splint is applied to:,keep elbow straight.,hold a dressing.,maintain proper alignment.,alert staff to injury.,,,,C,Splints immobilize joints in functional position to prevent contracture.,Regular,,,
Nurse Aide,Nurse Aide Certification Practice Test,,Reddened area on hip when turningâ€”first action:,apply ice.,reposition client.,ignoreâ€”it will fade.,apply heat lamp.,,,,B,Immediate pressure relief (repositioning) is the first step in pressure-injury prevention.,Regular,,,
Nurse Aide,Nurse Aide Certification Practice Test,,"When applying client makeup, ask for advice from:",client.,roommate.,nurse.,family member.,,,,A,Client preference governs personal groomingâ€”respect autonomy.,Regular,,,
Nurse Aide,Nurse Aide Certification Practice Test,,"If nurse asks for â€˜sputumâ€™ specimen, obtain:",sputum.,urine.,stool.,blood.,,,,A,Sputum = lower-respiratory mucus; other specimens would invalidate test.,Regular,,,
Nurse Aide,Nurse Aide Certification Practice Test,,"After making an error in care, the aide should:",apologize to client.,keep it confidential.,inform the nurse.,notify family.,,,,C,Nurse must assess for actual or potential harm and initiate follow-up.,Regular,,,
Nurse Aide,Nurse Aide Certification Practice Test,,"To prevent spread of C. difficile, the aide SHOULD:",wash hands with soap & water.,use alcohol hand-rub.,avoid contact.,encourage fluids.,,,,A,Soap-and-water friction removes spores; alcohol does not kill C. diff.,Regular,,,
Nurse Aide,Nurse Aide Certification Practice Test,,Client intake includes:,urine.,vomitus.,water.,perspiration.,,,,C,Intake = all fluids consumed; water is the only listed intake.,Regular,,,
Nurse Aide,Nurse Aide Certification Practice Test,,An Alzheimer client calls for a dead relative. BEST response is:,explain relative is dead.,encourage feelings about relative.,pretend to be relative.,leave client alone.,,,,B,Validation therapy allows emotional release without confrontation.,Regular,,,
Nurse Aide,Nurse Aide Certification Practice Test,,"When cleaning perineal area of incontinent client, the aide SHOULD:",allow area to air-dry.,remove blanket.,wear gloves.,use water only.,,,,C,Gloves protect against body-fluid exposureâ€”standard precaution.,Regular,,,
Nurse Aide,Nurse Aide Certification Practice Test,,A client likely to experience hypo- or hyper-glycemia has:,diabetes.,hypertension.,MS.,Parkinsonâ€™s.,,,,A,Glucose fluctuations are characteristic of diabetes mellitus.,Regular,,,
Nurse Aide,Nurse Aide Certification Practice Test,,Confused client forgets side-rails and falls. Aide may be charged with:,negligence.,assault.,battery.,defamation.,,,,A,Failure to follow safety measures constitutes neglect.,Regular,,,
Nurse Aide,Nurse Aide Certification Practice Test,,"While tidying room, the aide SHOULD:",throw out newspapers & mail.,put devices in closet.,place bed highest.,check equipment is working.,,,,D,Functional equipment is a safety and care necessityâ€”report issues promptly.,Regular,,,
Nurse Aide,Nurse Aide Certification Practice Test,,Disease from microbial invasion is called:,infection.,reservoir.,source.,susceptible host.,,,,A,Infection = pathogen multiplication in host tissue.,Regular,,,
Nurse Aide,Certified Nurse Aide Practice Test,,"With an air/water mattress, the aide SHOULD:",add air/water daily.,use safety pins for sheets.,use layers of pads.,keep sharp objects away.,,,,D,"Punctures destroy mattress integrityâ€”no pins, scissors, or needles.",Regular,,,
Nurse Aide,Certified Nurse Aide Practice Test,,Client refuses unfamiliar foods. The aide SHOULD:,notify social worker.,talk to family.,ask about preferences.,encourage eating later.,,,,C,Preference assessment allows meal substitution and prevents malnutrition.,Regular,,,
Nurse Aide,Certified Nurse Aide Practice Test,,Common side effect in cancer treatment is:,constant hunger.,discomfort & pain.,increased energy.,regular bowels.,,,,B,"Pain, fatigue, mucositis are frequent cancer-therapy sequelae.",Regular,,,
Nurse Aide,Certified Nurse Aide Practice Test,,"When caring for an Alzheimer client, the aide SHOULD:",vary routine often.,play soft music.,explain mistakes.,give step-by-step directions.,,,,D,"Simple, consistent cues reduce cognitive load and anxiety.",Regular,,,
Nurse Aide,Certified Nurse Aide Practice Test,,"If a client becomes physically aggressive, the aide SHOULD:",protect self & others and report.,walk away.,argue and report.,warn of trouble.,,,,A,Personal safety first; de-escalate and alert nurse for further intervention.,Regular,,,
Nurse Aide,Certified Nurse Aide Practice Test,,"With oxygen therapy, which safety measure is correct?",Use wool blanket.,Post â€˜No Smokingâ€™ sign.,Keep matches handy.,Allow visitor smoking.,,,,B,Oxygen supports combustionâ€”no-open-flame policy is mandatory.,Regular,,,
Nurse Aide,Certified Nurse Aide Practice Test,,Client refuses BP check. The aide SHOULD:,take it anyway.,tell nurse immediately despite right to refuse.,promise a snack.,say it must be done.,,,,B,Report refusal at once; nurse assesses reason and clinical impact while respecting autonomy.,Regular,,,
Nurse Aide,Certified Nurse Aide Practice Test,,Which symptom must be reported IMMEDIATELY?,Dry wrinkled skin.,Thinning scalp hair.,Bluish lips.,Respirations 16/min.,,,,C,Cyanotic lips indicate hypoxemiaâ€”a medical emergency.,Regular,,,
Nurse Aide,Certified Nurse Aide Practice Test,,"Before starting a back-rub, the MOST important observation is:",relaxing environment.,positioning limits.,client bathed?.,signs of skin damage.,,,,D,"Open areas, bruises, or rashes contraindicate massage and require nursing evaluation.",Regular,,,
Nurse Aide,Certified Nurse Aide Practice Test,,Sign of loss of independence to report is:,positive self-image.,helplessness.,expressing happiness.,self-care participation.,,,,B,Helplessness signals depression or decreased functionâ€”nurse can initiate support.,Regular,,,
Nurse Aide,Certified Nurse Aide Practice Test,,"While ambulating, client trips and begins to fall. The aide SHOULD:",pull client upright.,push client up.,get behind to block knees.,ease client to floor.,,,,D,Controlled descent minimizes injury to both client and aide.,Regular,,,
Nurse Aide,Certified Nurse Aide Practice Test,,Team member who provides MOST physical care is:,DON.,supervising nurse.,social worker.,nurse aide.,,,,D,"Nurse aides deliver 80-90 % of direct hygiene, mobility, and feeding care.",Regular,,,
Nurse Aide,Certified Nurse Aide Practice Test,,Another name for pressure sore is:,decubitus ulcer.,incontinence.,frequency.,abrasion.,,,,A,Decubitus ulcer is the historical term; now called pressure injury.,Regular,,,
Nurse Aide,Certified Nurse Aide Practice Test,,"When lifting from floor, the aide SHOULD:",bend from waist.,bend knees.,keep feet together.,keep knees straight.,,,,B,"Squat-lift (bend knees) uses leg muscles, protects back.",Regular,,,
Nurse Aide,Certified Nurse Aide Practice Test,,"To help constipation, the aide should encourage:",bed rest.,increased fluids.,low-fiber diet.,enema.,,,,B,Hydration plus fiber softens stool; enemas require nurse order.,Regular,,,
Nurse Aide,Certified Nurse Aide Practice Test,,A dying client with no visitors should be:,left alone.,given extra time.,told everything will be fine.,ask family why absent.,,,,B,Presence and companionship relieve terminal loneliness.,Regular,,,
Nurse Aide,Certified Nurse Aide Practice Test,,"When dressing a client, FIRST:",select appropriate clothing.,choose snug clothes.,do all work for client.,check for weak/affected side.,,,,D,Assess motor limitations to sequence dressing (dress affected side first) and promote safety.,Regular,,,
Nurse Aide,Certified Nurse Aide Practice Test,,Edema in ankles and feet should prompt the aide to:,report to nurse.,reduce fluids.,increase salt.,apply anti-embolism stockings.,,,,A,"Edema may signal cardiac, renal, or venous issuesâ€”nurse determines intervention.",Regular,,,
Nurse Aide,Certified Nurse Aide Practice Test,,The nurse aide is feeding a client while the client's head is tilted back. The client is at risk for:,edema,dyspnea,dysphasia,aspiration,,,,D,"Tilting the head back during feeding compromises the airway's natural protective mechanisms, increasing the likelihood that food or liquid will enter the trachea instead of the esophagus, leading to aspiration, which may cause choking or aspiration pneumonia. Edema refers to fluid retention and swelling, unrelated to head position during feeding. Dyspnea is difficulty breathing, which may result from aspiration but is not directly caused by head tilt. Dysphasia refers to difficulty speaking, not swallowing; the correct term for swallowing difficulty is dysphagia, but head tilt exacerbates aspiration risk rather than causing dysphagia.",Regular,,,
Nurse Aide,Certified Nurse Aide Practice Test,,The role of the nurse aide in restorative care is to:,combine short steps into a long list to keep a client motivated,recognize that setbacks occur and encourage a client to keep trying,let a client know when progress is not happening as quickly as planned,complete a task for a client if the client is taking too long to complete it,,,,B,"Restorative care focuses on helping clients regain or maintain their highest level of function and independence. Encouraging clients through setbacks supports motivation, builds confidence, and promotes long-term progress. Combining steps may overwhelm the client, notifying them of slow progress can be discouraging, and completing tasks for them undermines autonomy and hinders rehabilitation.",Regular,,,
Nurse Aide,Certified Nurse Aide Practice Test,,A low-fat diet is ordered for a client. Which of the following foods is restricted?,Fish,Butter,Bread,Sugar,,,,B,"Butter, a high-fat dairy product with saturated fat, is typically restricted on a low-fat diet. Fish, particularly fatty fish like salmon, may contain healthy fats and is often allowed in moderation. Bread is generally low in fat unless prepared with added fats. Sugar is a carbohydrate, not a fat, and is not inherently restricted on a low-fat diet, though it may be limited for other reasons like diabetes.",Regular,,,
Nurse Aide,Certified Nurse Aide Practice Test,,A client refuses to take a bath. What is the nurse aide's BEST response?,"""You don't have to take your bath now. When would you like to take it?""","""A bath is good for you, and I know best.""","""You have to take your bath, and there is no way out of it.""","""Everybody else takes a bath. Why shouldn't you?""",,,,A,"Offering choice and flexibility respects the client’s autonomy and promotes cooperation, reducing resistance by allowing the client to feel in control. Saying ""I know best"" dismisses their feelings, forcing compliance with ""no way out"" is coercive, and comparing them to others is invalidating and may provoke defensiveness.",Regular,,,
Nurse Aide,Certified Nurse Aide Practice Test,,The unlawful restriction of a client's freedom of movement is called:,defamation,false imprisonment,negligence,invasion of privacy,,,,B,"False imprisonment is the intentional and unlawful confinement or restraint of a person against their will, directly applying to restricting a client’s movement without justification. Defamation involves harming reputation through false statements, negligence is failure to provide reasonable care, and invasion of privacy relates to unauthorized intrusion, not physical restraint.",Regular,,,
Nurse Aide,Certified Nurse Aide Practice Test,,"To promote a client's rest, the nurse aide SHOULD:",keep the lights on,ask the client questions,decrease the noise level,position the client upright,,,,C,"Reducing environmental noise creates a calm atmosphere conducive to rest and sleep. Keeping lights on disrupts circadian rhythms, asking questions engages the client mentally, and positioning upright may be needed for specific conditions but is not universally rest-promoting. Noise reduction is the most effective intervention.",Regular,,,
Nurse Aide,Certified Nurse Aide Practice Test,,"When providing care for a client after the client is pronounced dead, the nurse aide SHOULD:",complete the care when family arrives,position the client side-lying,follow religious practices the client wanted observed,remove any tubes from the client,,,,C,"Honoring the client’s spiritual and religious preferences after death is fundamental to respectful, person-centered end-of-life care, reflecting their wishes in rituals or handling. Delaying care until family arrives may not be feasible, side-lying is not standard unless specified, and removing tubes requires authorization and is secondary to respecting religious practices.",Regular,,,
Nurse Aide,Certified Nurse Aide Practice Test,,Two nurse aides enter the room of a dying client to provide care. The nurse aides SHOULD:,whisper so that they do not disturb the client,discuss the client's condition,remain silent out of respect for the client,explain to the client what the nurse aides are going to do,,,,D,"Explaining actions to a dying client, who may still be aware, promotes dignity, reduces anxiety, and honors person-centered care. Whispering may create secrecy, discussing the condition violates privacy, and silence may leave the client feeling ignored. Gentle communication is key.",Regular,,,
Nurse Aide,Certified Nurse Aide Practice Test,,Incontinence may be defined as:,loss of bladder control,redness of the skin,shortness of breath,painful leg cramps,,,,A,"Incontinence refers to the involuntary loss of bladder or bowel control, most commonly urinary incontinence. Redness of the skin may result from moisture exposure but is not the definition. Shortness of breath and leg cramps are unrelated to elimination control.",Regular,,,
Nurse Aide,Certified Nurse Aide Practice Test,,Client rights are based on:,nursing home policies,doctor's orders,constitutional law,Medicald regulations,,,,C,"Client rights are grounded in constitutional law, guaranteeing privacy, dignity, and freedom from abuse. Nursing home policies and Medicaid regulations derive from this framework, and doctor’s orders guide care but do not establish rights. Constitutional principles ensure universal rights.",Regular,,,
Nurse Aide,Certified Nurse Aide Practice Test,,"After anti-embolism stockings are applied, the stockings SHOULD:",be left on for 24 hours,fit loosely for comfort,be free of creases,fit snugly over the arm,,,,C,"Anti-embolism stockings must be free of creases to ensure even compression, promoting venous return and preventing skin breakdown or thrombus formation. They are not worn for 24 hours continuously without skin checks, must fit snugly, and are for legs, not arms.",Regular,,,
Nurse Aide,Certified Nurse Aide Practice Test,,The nurse aide may refuse to complete a task when:,it is time for the next shift,the nurse aide does not like the task,the nurse aide is unfamiliar with the equipment,a charge nurse is available to supervise the task,,,,C,"Refusing a task due to unfamiliarity with equipment protects client safety, as proceeding without training could cause harm. Refusing due to shift change or dislike is unprofessional, and a charge nurse’s presence supports task completion, not refusal.",Regular,,,
Nurse Aide,Certified Nurse Aide Practice Test,,The nurse aide begins cardiopulmonary resuscitation (CPR) after witnessing a client collapse in the hallway. What is the BEST way to ensure an open airway during CPR?,Position hands for an abdominal thrust,Head tilt-chin lift,Place hand on sternum and push,Give 1 breath,,,,B,"The head tilt-chin lift maneuver opens the airway by lifting the tongue from the throat, essential for effective CPR in an unresponsive adult without spinal injury. Abdominal thrusts are for choking, sternum pushing is for compressions, and giving a breath without an open airway may be ineffective.",Regular,,,
Nurse Aide,Certified Nurse Aide Practice Test,,Which of the following actions can the nurse aide take to relieve a client's pain?,Position the client in good body alignment,Offer the client pain medication,Take the client for a long walk,"Turn on the room lights, and open the curtains",,,,A,"Proper body alignment reduces strain on muscles and joints, alleviating discomfort within the nurse aide’s scope. Offering medication is outside their scope, long walks may worsen pain, and bright lights may increase discomfort. Positioning is a safe, effective intervention.",Regular,,,
Nurse Aide,Certified Nurse Aide Practice Test,,The nurse aide is assigned to provide hair care to a client. Which of the following statements is TRUE regarding client hair care?,Female clients with hair loss should wear a head covering,Physical health can affect the condition of the hair,Hair washing is unable to be done by nurse aides,Appearance of hair does not affect emotional well-being,,,,B,"Physical health influences hair condition through factors like malnutrition or illness. Nurse aides can wash hair, head coverings are not mandatory, and hair appearance impacts self-esteem. The link between health and hair is universally true.",Regular,,,
Nurse Aide,Certified Nurse Aide Practice Test,,A client's dignity and respect are maintained by referring to the client by:,room number,the name the client prefers,using terms of endearment,last name only,,,,B,"Using the client’s preferred name honors their identity and autonomy. Room numbers depersonalize, terms of endearment can be patronizing, and last names may feel impersonal unless requested. Following the client’s preference upholds dignity.",Regular,,,
Nurse Aide,Certified Nurse Aide Practice Test,,Which of the following could be a symptom of a urinary tract infection?,Frequent loose stools,Muscle cramps in the legs,Frequent voiding,Chest pain,,,,C,"Frequent voiding, often with urgency or burning, is a classic UTI symptom due to bladder irritation. Loose stools, leg cramps, and chest pain are unrelated to urinary tract issues. Frequent voiding directly correlates with UTI presentation.",Regular,,,
Nurse Aide,Certified Nurse Aide Practice Test,,The nurse aide maintains a professional relationship with a client by:,discussing the client's condition with the client's family,giving the client advice regarding medical care,reporting information about the client's condition to the nurse,sharing personal information with the client,,,,C,"Reporting client condition changes to the nurse ensures continuity of care while maintaining boundaries. Discussing with family violates confidentiality, giving medical advice exceeds scope, and sharing personal information risks inappropriate bonds.",Regular,,,
Nurse Aide,Certified Nurse Aide Practice Test,,The nurse aide is caring for a client with oxygen. Guidelines for safe oxygen therapy include:,maintaining a low water level in the humidity bottle,adjusting the flow rate of the oxygen,removing the client's face mask or nasal cannula when providing care,"observing the client's ears, cheeks, and nose for signs of skin irritation",,,,D,"Inspecting skin for irritation from oxygen devices prevents pressure injuries. Low water levels reduce humidification, adjusting flow rates is outside scope, and removing devices interrupts therapy. Skin assessment is a key safety measure.",Regular,,,
Nurse Aide,Certified Nurse Aide Practice Test,,"When caring for a client with a leg brace, the nurse aide SHOULD:",report to the nurse when the brace fits securely,leave the brace off during recreational time,apply the brace to the unaffected extremity if asked,keep the skin and bony areas clean and dry,,,,D,"Keeping skin clean and dry under a brace prevents breakdown and infection. Reporting a secure fit is unnecessary unless there’s an issue, removing the brace may be unsafe, and applying it to the wrong extremity is harmful. Skin care is essential.",Regular,,,
Nurse Aide,Certified Nurse Aide Practice Test,,"When giving mouth care to an unconscious client, the nurse aide SHOULD:",avoid cleaning the client's teeth,turn the client's head to the side,give the client sips of mouthwash,leave the privacy curtain open,,,,B,"Turning the head to the side allows secretions to drain, reducing aspiration risk. Avoiding teeth cleaning increases infection risk, giving mouthwash is dangerous for unconscious clients, and open curtains violate dignity. Proper positioning ensures safety.",Regular,,,
Nurse Aide,Certified Nurse Aide Practice Test,,Which of the following items SHOULD be kept in the clean utility room?,New specimen containers and personal care supplies,Soiled linen and soiled linen containers,Used bedpans and bedpan brushes,Medications and medical records,,,,A,"Clean utility rooms store unused supplies like specimen containers to prevent contamination. Soiled linen, used bedpans, and medications belong in designated areas to maintain infection control and security.",Regular,,,
Nurse Aide,Certified Nurse Aide Practice Test,,The nurse asks the nurse aide to perform a task that the nurse aide has not been trained to do. The nurse aide's BEST response is to:,perform the task as requested,ask another nurse aide to perform the task,discuss concerns with the nurse,ask a coworker for suggestions on how to handle it,,,,C,"Discussing concerns with the nurse ensures safety and may lead to training or reassignment. Performing an untrained task risks harm, delegating to another aide doesn’t resolve the issue, and coworker advice is not a substitute for professional clarification.",Regular,,,
Nurse Aide,Certified Nurse Aide Practice Test,,"""Scope of practice"" refers to:",the act of delegating nursing tasks of routine care,one's own independent caregiver business,the range of tasks the nurse aide is legally permitted to do,the tasks assigned to the nurse aide in a facility,,,,C,"Scope of practice defines legally authorized tasks based on training and regulations, ensuring safety. It is not defined by delegation, private business, or facility assignments, but by legal and professional standards.",Regular,,,
Nurse Aide,Certified Nurse Aide Practice Test,,Pressure sores may be prevented by:,moving a client as little as possible,giving special care to reddened areas,smoothing the bed linens only when necessary,keeping the reddened areas moistened,,,,B,"Special care to reddened areas, like relieving pressure and keeping skin dry, prevents pressure sores. Minimal movement increases risk, wrinkled linens cause friction, and moisture softens skin, increasing vulnerability.",Regular,,,
Nurse Aide,Certified Nurse Aide Practice Test,,An example of inappropriate communication with a 75-year-old client would include:,being aware of generational differences,addressing the client by name,speaking as if the confused client is a child,being aware of sensory impairments,,,,C,"Speaking to an older adult as a child is condescending and undermines dignity, known as elderspeak. Awareness of generational differences and sensory impairments aids communication, and addressing by name is respectful.",Regular,,,
Nurse Aide,Certified Nurse Aide Practice Test,,"When giving a complete bed bath to a client, the nurse aide SHOULD:",keep the client covered as much as possible,avoid washing the client's perineal area to prevent embarrassment,position self on the dominant side of the bed and stay there,use the same water throughout the bath to shorten the length of the task,,,,A,"Keeping the client covered preserves dignity and warmth. Perineal washing is essential for hygiene, moving around the bed ensures thorough care, and changing water prevents bacterial spread.",Regular,,,
Nurse Aide,Certified Nurse Aide Practice Test,,"When giving a complete bed bath to a client, the nurse aide SHOULD:",keep the client covered as much as possible,avoid washing the client's perineal area to prevent embarrassment,position self on the dominant side of the bed and stay there,use the same water throughout the bath to shorten the length of the task,,,,A,"Keeping the client covered preserves dignity and warmth. Perineal washing is essential for hygiene, moving around the bed ensures thorough care, and changing water prevents bacterial spread.",Regular,,,
Nurse Aide,Certified Nurse Aide Practice Test,,"If the nurse aide thinks a client is choking, the FIRST thing the nurse aide should do is:",get the nurse in charge,try to remove the food from the client's mouth,ask if the client can speak,perform the Heimlich maneuver (abdominal thrusts),,,,C,"Asking if the client can speak determines if the airway is blocked. If they can speak, they may clear it; if not, immediate action like abdominal thrusts is needed. Removing food blindly or getting the nurse delays critical intervention.",Regular,,,
Nurse Aide,Certified Nurse Aide Practice Test,,A difficult client yells for help immediately after the nurse aide leaves the room. How SHOULD the nurse aide respond?,"Enter the client's room, and ask what the client needs",Answer another client's call signal,Ignore the client unless the call signal is used,"Tell the client to stop yelling, and ignore any questions",,,,A,Entering and asking what the client needs shows responsiveness and de-escalates distress. Prioritizing another client or ignoring the yell neglects potential urgent needs. Scolding damages trust.,Regular,,,
Nurse Aide,Certified Nurse Aide Practice Test,,A new nurse aide asks another nurse aide about the importance of the care plan. The nurse aide SHOULD tell the new nurse aide that:,following the care plan is very important,nurse aides are not involved in the care plan,the care plan is the same every day,the care plan does not work well,,,,A,"The care plan guides safe, individualized care, ensuring consistency and compliance. Nurse aides implement it, it changes with client needs, and dismissing it is unprofessional.",Regular,,,
Nurse Aide,Certified Nurse Aide Practice Test,,A new nurse aide asks another nurse aide about the importance of the care plan. The nurse aide SHOULD tell the new nurse aide that:,following the care plan is very important,nurse aides are not involved in the care plan,the care plan is the same every day,the care plan does not work well,,,,A,"The care plan guides safe, individualized care, ensuring consistency and compliance. Nurse aides implement it, it changes with client needs, and dismissing it is unprofessional.",Regular,,,
Nurse Aide,Nurse Aide Practice Test Questions,,"client on intake and output eats 1/2 cup of mashed potatoes, 4 ounces of cranberry juice, 7 ounces of milk, and a hot roast beef sandwich. What is the client's FLUID intake?",120 mL,280 mL,330 mL,450 mL,,,,C,Only liquids count for fluid intake: 4 oz cranberry juice (120 mL) + 7 oz milk (210 mL) = 330 mL. Mashed potatoes and sandwiches are solids and excluded.,Regular,,,
Nurse Aide,Nurse Aide Practice Test Questions,,"To prevent the spread of infection, the nurse aide SHOULD:",take extra linen into a client's room,keep equipment on the bed,place linen on the floor,wash hands before and after each task,,,,D,"Hand hygiene before and after tasks is the most effective way to prevent pathogen transmission. Extra linen, equipment on beds, or linen on the floor risks contamination.",Regular,,,
Nurse Aide,Nurse Aide Practice Test Questions,,The nurse aide is caring for clients who are using bedpans. When will the nurse aide clean the bedpans?,After every use,Once per shift,Every 4 hours,After meals are finished,,,,A,Cleaning bedpans after every use prevents pathogen spread and maintains hygiene. Delayed cleaning increases infection risk.,Regular,,,
Nurse Aide,Nurse Aide Practice Test Questions,,"A client states, ""This splint feels different today."" What should the nurse aide do FIRST?",Reposition the splint,Notify the nurse of the statement,Document the statement in notes,Report the statement to the next nurse aide,,,,B,"Notifying the nurse about a change in splint feel ensures clinical evaluation for issues like swelling or improper fit. Repositioning risks harm, documentation follows reporting, and delaying to the next aide is unsafe.",Regular,,,
Nurse Aide,Nurse Aide Practice Test Questions,,The nurse aide is helping the nurse during group activity therapy for clients with dementia. This type of therapy provides clients an opportunity to:,avoid conversation,exercise their minds,spend time alone,remain in their room,,,,B,"Group therapy stimulates cognitive function and social interaction in dementia clients, helping slow cognitive decline. Avoiding conversation, isolation, or staying in rooms contradicts its purpose.",Regular,,,
Nurse Aide,Nurse Aide Practice Test Questions,,The nurse aide demonstrates good listening skills by:,continuing to perform oral care,waiting for clients to express thoughts,interrupting clients when they ask questions,showing frustration toward clients during activities of daily living,,,,B,"Waiting for clients to express thoughts shows respect and active listening, fostering trust. Continuing tasks, interrupting, or showing frustration undermines communication.",Regular,,,
Nurse Aide,Nurse Aide Practice Test Questions,,A client may be dehydrated due to:,a lack of activity,inadequate fluid intake,excessive food ingestion,a salt-free diet,,,,B,"Inadequate fluid intake directly causes dehydration, especially in those with reduced thirst or swallowing issues. Inactivity, excessive food, or salt-free diets do not directly cause dehydration.",Regular,,,
Nurse Aide,Nurse Aide Practice Test Questions,,"When the nurse aide is completing a task that requires gloves, the proper procedure for replacing a client's call light before leaving the room is to:",remove the gloves and wash hands before placing the call light within the client's reach,"clean, dry, and store equipment, and then place the call light within the client's reach",place the call light within the client's reach as soon as the task is completed,"adjust the client's bed to the low position, remove the gloves, and place the call light within the client's reach",,,,A,Removing gloves and washing hands before handling the call light prevents pathogen transfer from contaminated gloves. Other options risk contamination or delay infection control.,Regular,,,
Nurse Aide,Nurse Aide Practice Test Questions,,"When removing a client's anti-embolism stockings, the nurse aide should report to the nurse IMMEDIATELY if the nurse aide observes that the client's toes are:",cold,blue,wrinkled,curled,,,,B,"Blue toes indicate cyanosis, signaling poor oxygenation or circulation, requiring urgent evaluation. Cold toes are less urgent, wrinkled skin is normal, and curled toes are not emergent.",Regular,,,
Nurse Aide,Nurse Aide Practice Test Questions,,The nurse aide is working with a client who is on a bowel retraining program. Which of the following interventions will assist the client to have regular bowel movements?,Restricting the client's fluid intake,Encouraging the client to follow a high-fiber diet,Staying with the client during elimination,Advising the client to reduce activity level,,,,B,"A high-fiber diet promotes regular, soft bowel movements. Restricting fluids or activity worsens constipation, and staying with the client supports emotionally but not physiologically.",Regular,,,
Nurse Aide,Nurse Aide Practice Test Questions,,Which of the following is appropriate when communicating with a hearing-impaired client?,Stand beside the client with hand on shoulder,Raise voice to a higher pitch,Exaggerate lip movements,Face the client when speaking,,,,D,"Facing the client aids speechreading and comprehension. Standing beside removes visual cues, high pitch distorts speech, and exaggerated lip movements hinder lipreading.",Regular,,,
Nurse Aide,Nurse Aide Practice Test Questions,,A client asks the nurse aide how the pressure injury on the heel will be treated. The nurse aide SHOULD tell the client:,not to worry about the pressure injury,the nurse will discuss with the client the treatment plan,there is no special care for the pressure injury,a dressing will be placed on the client's foot,,,,B,"Redirecting to the nurse ensures accurate treatment information. Dismissing concerns, denying special care, or assuming dressings without confirmation risks misinformation.",Regular,,,
Nurse Aide,Nurse Aide Practice Test Questions,,"When plugging in a client's electric bed, the nurse aide receives a shock. The nurse aide SHOULD:",continue to clean the bed,check the plug and try again,leave a note for maintenance,report the incident to the nurse,,,,D,"Reporting a shock ensures the bed is taken out of service and repaired, preventing further risk. Continuing to use, retrying, or leaving a note delays safety measures.",Regular,,,
Nurse Aide,Nurse Aide Practice Test Questions,,"When giving care for a client who is confused and disoriented, the nurse aide SHOULD:",explain care and talk with the client,encourage the confused behavior of the client,complete care as quickly as possible,give detailed instructions,,,,A,"Explaining care calmly reduces anxiety and builds trust. Encouraging confusion is unsafe, rushing care increases agitation, and detailed instructions overwhelm the client.",Regular,,,
Nurse Aide,Nurse Aide Practice Test Questions,,What is the proper direction for washing a client's eyes?,Outer side to inner side,Inner side to outer side,Eyebrow to cheekbone,Cheekbone to eyebrow,,,,B,"Washing from inner to outer side prevents debris from entering the nasolacrimal duct, reducing infection risk. Other directions risk contamination or miss critical areas.",Regular,,,
Nurse Aide,Nurse Aide Practice Test Questions,,Which of the following is a sign that a client is having difficulty swallowing?,Increased appetite,Occasional coughing,Frequent coughing,Requests for textured foods,,,,C,"Frequent coughing during meals indicates dysphagia, as food may enter the airway. Increased appetite, occasional coughing, or textured food requests are not direct signs.",Regular,,,
Nurse Aide,Nurse Aide Practice Test Questions,,A client offers a favorite nurse aide a valuable necklace. The nurse aide SHOULD:,accept the gift and thank the client,refuse the gift and thank the client,tell the nurse before accepting the gift,accept the gift and thank the family,,,,B,"Refusing a valuable gift maintains professional boundaries and prevents exploitation. Accepting or consulting the nurse implies acceptance, violating ethical standards.",Regular,,,
Nurse Aide,Nurse Aide Practice Test Questions,,Which of the following requires a primary health care provider's order?,Wheelchair cushion,Afternoon snack,Restraints,Hand roll,,,,C,"Restraints require a provider’s order due to legal and safety implications. Cushions, snacks, and hand rolls are routine care measures not typically needing specific orders.",Regular,,,
Nurse Aide,Nurse Aide Practice Test Questions,,How can a nurse aide get an answer from a client who is unable to speak because of a recent stroke?,Insist that the client try to talk and communicate,Ask the client to write or use gestures,Tell the client to use sign language,Wait for the family to visit,,,,B,"Using writing or gestures enables communication for clients with aphasia. Insisting on speech causes frustration, sign language assumes prior knowledge, and waiting for family delays care.",Regular,,,
Nurse Aide,Nurse Aide Practice Test Questions,,Which of the following BEST describes guidelines for reporting by the nurse aide?,Report changes in a client that a coworker is caring for,Report all normal findings immediately,Report before leaving the unit for breaks and at the end of the shift,Report after leaving the unit and after the end of the shift,,,,C,"Reporting before breaks and shift end ensures continuity of care. Reporting coworker’s clients is secondary, normal findings are not urgent, and delaying reports is unsafe.",Regular,,,
Nurse Aide,Nurse Aide Practice Test Questions,,The nurse aide SHOULD respect clients of different cultures by:,encouraging spirituality,being nonjudgmental,questioning the client's family,reacting to the client's language,,,,B,"Being nonjudgmental honors cultural differences without imposing personal values. Encouraging spirituality may intrude, questioning family is not inherently respectful, and reacting to language risks offense.",Regular,,,
Nurse Aide,Nurse Aide Practice Test Questions,,"After moving a client with an indwelling urethral catheter, the nurse aide should first check that the catheter tubing is NOT:",dirty,wet,kinked,showing,,,,C,"A kinked catheter obstructs urine flow, risking bladder or kidney issues. Checking for kinks ensures patency. Dirtiness, wetness, or visibility are secondary concerns.",Regular,,,
Nurse Aide,Nurse Aide Practice Test Questions,,A client's care plan encourages fluids. The nurse aide SHOULD:,limit the variety of fluids,remove the water pitcher,offer fluids between meals,provide room temperature fluids,,,,C,"Offering fluids between meals increases intake without affecting appetite. Limiting variety or removing pitchers reduces access, and temperature is individual preference.",Regular,,,
Nurse Aide,Nurse Aide Practice Test Questions,,The nurse aide is caring for a group of clients with dementia. The nurse aide understands that these clients are at high risk for accidents because:,they are well aware of dangerous situations,their cognitive abilities still allow them to sense danger,their judgment is completely intact,"they may access closets, cupboards, or other unsafe areas",,,,D,"Dementia impairs judgment, increasing risk of wandering into unsafe areas. Clients are not reliably aware of danger, and their cognitive abilities and judgment are diminished.",Regular,,,
Nurse Aide,Nurse Aide Practice Test Questions,,What are common signs and symptoms in a client with lice?,Pain and blisters,Rash and itching,Sores and headache,Cyanosis and dizziness,,,,B,"Lice cause itching and rash from scratching. Pain, blisters, sores, headaches, cyanosis, or dizziness are not typical symptoms.",Regular,,,
Nurse Aide,Nurse Aide Practice Test Questions,,How SHOULD a nurse aide protect a client who wanders?,Place the client in bed,Apply a restraint to the client,Confine the client to an activity room,Allow the client to walk within a secure area,,,,D,"Allowing walking in a secure area supports autonomy and safety. Bed confinement or restraints increase agitation, and activity rooms may not be secure.",Regular,,,
Nurse Aide,Nurse Aide Practice Test Questions,,The nurse aide SHOULD make clients' beds without wrinkles in the sheets to prevent:,pressure ulcers,contractures,fractures,cyanosis,,,,A,"Wrinkled sheets cause pressure and friction, increasing pressure ulcer risk. Contractures, fractures, and cyanosis are unrelated to bedding.",Regular,,,
Nurse Aide,Nurse Aide Practice Test Questions,,Which elimination option should be offered to a client who can walk only a short distance?,Disposable briefs,Urinal,Bedpan,Bedside commode,,,,D,"A bedside commode supports limited mobility, promoting dignity and safety. Briefs are for incontinence, urinals are for urination only, and bedpans require staying in bed.",Regular,,,
Nurse Aide,Nurse Aide Practice Test Questions,,A client asks the nurse aide about the use of assistive devices. What SHOULD the nurse aide tell the client?,Assistive devices are difficult to use,All clients use at least 1 assistive device,Assistive devices are used only once daily,Assistive devices will help maintain the client's independence,,,,D,"Assistive devices promote independence and safety. They are not inherently difficult, not all clients need them, and use is not limited to once daily.",Regular,,,
Nurse Aide,Nurse Aide Practice Test Questions,,"When ambulating a client with a walker, it is important to make sure the client understands the instructions given by the therapist. What is a way to have the client show understanding of how to use the walker?",Performing a return demonstration to show knowledge,Repeating the same questions many times,Asking the client to watch the video again,Watching the client doing the action in the old way,,,,A,"A return demonstration confirms safe walker use. Repeating questions, rewatching videos, or using old methods does not ensure practical understanding.",Regular,,,
Nurse Aide,Nurse Aide Practice Test Questions,,A client with diabetes has long toenails that are chipped and broken. The nurse aide SHOULD:,get the client a pair of scissors and tell the client to trim the client's own nails,soak the client's feet in warm water and cut the client's nails straight across,report the need for nail care to a supervisor,ask the client's family to take care of the client's nails,,,,C,"Diabetic nail care requires trained professionals due to infection risks. Nurse aides should not cut nails or delegate to clients or family, but report to a supervisor.",Regular,,,
Nurse Aide,Nurse Aide Practice Test Questions,,Which of the following items is disposable?,Paper gown,Electric razor,Commode,Bedsheet,,,,A,"Paper gowns are single-use to prevent contamination. Razors, commodes, and bedsheets are reusable with proper cleaning.",Regular,,,
Nurse Aide,Nurse Aide Practice Test Questions,,How SHOULD a nurse aide respond if a client does not hear or does not understand something the nurse aide says?,Speak more quickly,Whisper the words,Face the client and speak clearly,Face the client and speak loudly,,,,C,"Facing the client and speaking clearly aids comprehension, especially for hearing-impaired clients. Quick speech, whispering, or loudness reduces clarity.",Regular,,,
Nurse Aide,Nurse Aide Practice Test Questions,,"When emptying an ostomy device, the nurse aide SHOULD:",tape the ostomy device securely to the skin,observe the output,change the pouch each time,ensure the client is wearing tight clothing,,,,B,"Observing output provides data on hydration or complications. Taping is for application, changing pouches every time is wasteful, and tight clothing risks dislodging the pouch.",Regular,,,
Nurse Aide,Nurse Aide Practice Test Questions,,"When providing postmortem care to a client, the nurse aide SHOULD:",maintain dignity and respect,place the client in the prone position,apply deodorant to the body,open the client's mouth,,,,A,"Maintaining dignity includes gentle handling and following cultural preferences. Prone positioning, deodorant, or opening the mouth are not standard practices.",Regular,,,
Nurse Aide,Nurse Aide Practice Test Questions,,"A client with terminal cancer tells the nurse aide, ""I am going to die soon."" The nurse aide SHOULD:",tell the client not to think about it,encourage the client to discuss personal feelings,discourage the client from talking about death,tell the client to talk to the family,,,,B,"Encouraging expression of feelings validates the client’s experience and provides comfort. Dismissing, discouraging, or redirecting to family avoids emotional support.",Regular,,,
Nurse Aide,Nurse Aide Practice Test Questions,,"When shampooing a client's hair, the nurse aide SHOULD take special care to keep the shampoo away from the client's:",ears,eyes,hands,cheeks,,,,B,"Shampoo can irritate or damage eyes, requiring protection like tilting the head or shielding. Ears, hands, and cheeks are less sensitive and lower priority.",Regular,,,
Nurse Aide,Nurse Aide Practice Test Questions,,"When transferring a client from the bed to a chair, it is necessary for the nurse aide to:",know the abilities of the client,decide how long to keep the client up,have extra help available,clear the room of all visitors,,,,A,"Knowing the client’s abilities ensures safe transfer methods. Duration, extra help, or visitor clearance depends on assessment but is not the primary necessity.",Regular,,,
Nurse Aide,Nurse Aide Practice Test Questions,,What would be the BEST equipment for a nurse aide to use when assisting a client with ostomy care?,A urinal,A bedpan,A specimen cup,A bedside commode,,,,C,"A specimen cup is the most appropriate equipment for ostomy care, as it is used to collect and dispose of output from the ostomy pouch, ensuring proper hygiene and accurate monitoring of the output. Urinals are for urinary collection, bedpans are for bowel movements in bed, and bedside commodes are for toileting, none of which are suitable for ostomy care.",Regular,,,
Nurse Aide,Nurse Aide Practice Test Questions,,A sputum specimen is from the:,bowel,bladder,lungs,skin,,,,C,"A sputum specimen consists of mucus or phlegm coughed up from the lungs, typically collected for diagnostic testing to assess respiratory conditions. It does not originate from the bowel, bladder, or skin, which are unrelated to respiratory secretions.",Regular,,,
Nurse Aide,Nurse Aide Practice Test Questions,,Which of the following is an example of a delegated task that a nurse aide might be asked to perform?,Update a client's family on the client's condition,Get the vital signs from a client who feels ill,Work with a client on swallowing exercises immediately after a stroke,Remove from a client an indwelling urinary catheter that is leaking,,,,B,"Taking vital signs, such as temperature, pulse, and respiration, is a common delegated task within a nurse aide's scope of practice. Updating a client's family, performing specialized swallowing exercises, or removing an indwelling catheter are tasks typically reserved for licensed professionals like nurses or therapists due to their complexity and risk.",Regular,,,
Nurse Aide,Nurse Aide Practice Test Questions,,"To prevent the spread of infection, the nurse aide SHOULD:",practice standard precautions,wear gloves for all client care,follow confidentiality regulations,strictly follow clients' rights,,,,A,"Practicing standard precautions, such as hand hygiene, using gloves when needed, and proper disposal of contaminated items, is the most effective way to prevent infection spread. Wearing gloves for all care is unnecessary and wasteful, while confidentiality and clients' rights, though important, do not directly address infection control.",Regular,,,
Nurse Aide,Nurse Aide Practice Test Questions,,"When cleansing the perineum of a client, the nurse aide SHOULD wash and dry from the:",side of a thigh to the side of the other thigh,genital to the rectal area,buttocks to the abdomen,rectal to the genital area,,,,B,"Washing from the genital to the rectal area (front to back) prevents the spread of bacteria from the anal area to the cleaner genital area, reducing the risk of urinary tract infections. Other methods risk contamination or are not standard practice.",Regular,,,
Nurse Aide,Nurse Aide Practice Test Questions,,Which of the following tasks is carried out by the nurse aide?,Assigning care of clients to other nurse aides,Preparing care plans,Drawing blood for laboratory tests,"Taking temperature, pulse, and respiration",,,,D,"Taking temperature, pulse, and respiration is a routine task within a nurse aide's scope of practice. Assigning care, preparing care plans, and drawing blood are responsibilities of licensed professionals, such as nurses or phlebotomists.",Regular,,,
Nurse Aide,Nurse Aide Practice Test Questions,,"When the nurse aide is caring for a client, it is important to:",do everything for the client,complete tasks as quickly as possible,tell the client how it must be done,encourage the client to be independent,,,,D,"Encouraging client independence promotes dignity, autonomy, and physical function, aligning with person-centered care principles. Doing everything for the client, rushing tasks, or dictating actions undermines the client's self-esteem and recovery.",Regular,,,
Nurse Aide,Nurse Aide Practice Test Questions,,A nurse aide is caring for a client who cannot verbally communicate. The nurse aide SHOULD report:,no difficulty when the client gets out of bed,that the client grimaces upon getting up,that the client is participating in activities,a happy expression on the client's face,,,,B,"Grimacing upon getting up may indicate pain or discomfort, a significant observation that requires reporting to the nurse for further assessment. Normal or positive behaviors, like no difficulty or happiness, do not typically require immediate reporting.",Regular,,,
Nurse Aide,Nurse Aide Practice Test Questions,,The nurse aide SHOULD know that fecal impaction:,occurs when constipation is not relieved,is comfortable for a client,leads to soft stool,is identified by administering an enema,,,,A,"Fecal impaction occurs when constipation is not relieved, causing hardened stool to accumulate in the rectum, potentially leading to complications. It is uncomfortable, does not result in soft stool, and while an enema may help relieve it, it is not the primary method of identification.",Regular,,,
Nurse Aide,Nurse Aide Practice Test Questions,,Which of the following is an example of client neglect?,Treating the client like a child,Removing the client from an activity,Standing over the client when feeding,Leaving the client in wet clothes,,,,D,"Leaving a client in wet clothes is neglect, as it compromises hygiene, comfort, and skin integrity, potentially causing infections or pressure ulcers. Other options may be inappropriate but do not meet the definition of neglect.",Regular,,,
Nurse Aide,Nurse Aide Practice Test Questions,,Which of the following is a client advocate who acts on behalf of long-term care facility clients?,A Dietitian,B Ombudsman,C Physician,D Clergyman,,,,B,"An ombudsman is a designated advocate for long-term care clients, addressing complaints and protecting their rights. Dietitians, physicians, and clergymen focus on nutrition, medical care, and spiritual support, respectively, not advocacy.",Regular,,,
Nurse Aide,Nurse Aide Practice Test Questions,,What is the appropriate temperature for a tub bath?,105°F to 110°F,120°F to 125°F,115°F to 130°F,95°F to 100°F,,,,A,"A tub bath temperature of 105°F to 110°F is safe and comfortable, preventing burns or chilling. Higher temperatures risk scalding, and lower temperatures may be too cold for comfort.",Regular,,,
Nurse Aide,NNAAP Nurse Aide Practice Exam,,What is an appropriate alternative to using a restraint?,Keeping a client in bed,Placing a client in a chair with a tray,Using a bed alarm,Locking the wheelchair,,,,C,"A bed alarm alerts staff to client movement, promoting safety without restricting freedom. Keeping a client in bed, using a tray, or locking a wheelchair are forms of restraint, which should be avoided unless necessary.",Regular,,,
Nurse Aide,NNAAP Nurse Aide Practice Exam,,Clients who are NPO need mouth care:,after every meal,at least every 2 hours,once per day,at least twice per day,,,,B,"NPO (nothing by mouth) clients require mouth care at least every 2 hours to prevent dryness, infections, and discomfort, as they cannot eat or drink to maintain oral hygiene.",Regular,,,
Nurse Aide,NNAAP Nurse Aide Practice Exam,,A set of principles relating to what is morally right or wrong is known as:,torts,ethics,contracts,clients' rights,,,,B,"Ethics are principles guiding moral behavior, informing professional conduct. Torts are legal wrongs, contracts are agreements, and clients' rights are specific entitlements, none of which fully define moral principles.",Regular,,,
Nurse Aide,NNAAP Nurse Aide Practice Exam,,A client on a full liquid diet may have:,coffee with cream,oatmeal,vegetable beef soup,toast,,,,A,"A full liquid diet includes clear and opaque liquids like coffee with cream. Oatmeal, vegetable beef soup, and toast contain solids and are not permitted on this diet.",Regular,,,
Nurse Aide,NNAAP Nurse Aide Practice Exam,,A client in a long-term care facility refuses to take a shower in the morning and prefers to shower in the evening. The nurse aide SHOULD:,follow the request under the client's right to personal choice,deny the request because evenings are too busy for staff,convince the client that it is too cold at night for evening showers,contact the family and report the client's behavior,,,,A,"Respecting the client's preference for evening showers honors their right to personal choice, a key principle in client-centered care, unless it conflicts with medical or safety needs.",Regular,,,
Nurse Aide,NNAAP Nurse Aide Practice Exam,,The MOST important person to consider in developing a care plan is the:,primary health care provider,nurse,client,social worker,,,,C,"The client is the central focus of a care plan, ensuring it reflects their needs, preferences, and goals, promoting personalized and effective care.",Regular,,,
Nurse Aide,NNAAP Nurse Aide Practice Exam,,"To promote sleep, the nurse aide SHOULD:",reposition the client every hour,disrupt the client's bedtime routine,have the client void before bedtime,encourage the client to drink a caffeinated beverage,,,,C,"Having the client void before bedtime minimizes nighttime disruptions, promoting restful sleep. Repositioning too frequently, disrupting routines, or offering caffeine can hinder sleep.",Regular,,,
Nurse Aide,NNAAP Nurse Aide Practice Exam,,"To protect a client from harm, the nurse aide must understand the legal limits of the nurse aide's role including which actions are allowed and which ones are not. This is called:",nurse aide job description,nurse aide task,Omnibus Budget Reconciliation Act,scope of practice,,,,D,"Scope of practice defines the legal boundaries of a nurse aide's responsibilities, ensuring they perform only authorized tasks to protect client safety.",Regular,,,
Nurse Aide,NNAAP Nurse Aide Practice Exam,,The nurse aide is caring for a client who is receiving oxygen when a fire breaks out in the room. What SHOULD the nurse aide do?,Close the door of the room,Call for help and put the fire out,Open the window in that room,Turn off the oxygen and remove the client,,,,D,Turning off the oxygen (which fuels fires) and removing the client from danger is the priority in a fire emergency to ensure safety.,Regular,,,
Nurse Aide,NNAAP Nurse Aide Practice Exam,,Clients can be separated by force from others when:,They are an immediate threat to others,The facility is short staffed,The facility requests it,The nurse aide feels it is needed,,,,A,"Separation by force is only permissible when a client poses an immediate threat to others, ensuring safety while respecting client rights and legal standards.",Regular,,,
Nurse Aide,NNAAP Nurse Aide Practice Exam,,"On the way to take a break, the nurse aide answers a client’s call light. The nurse aide finds that the client has been incontinent of urine. The nurse aide SHOULD:",Tell the client that the nurse aide will return after break,Ask the nurse in charge to change the client’s linen,Place a pad over the wet linen,Stop and care for the client’s needs,,,,D,"Addressing incontinence immediately ensures client comfort, hygiene, and skin integrity, taking precedence over personal breaks.",Regular,,,
Nurse Aide,NNAAP Nurse Aide Practice Exam,,The nurse aide will FIRST respond to a client who is:,Wanting to go to the toilet,Sitting quietly with blue lips,Coughing with a reddish face,Attempting to stand from a wheelchair,,,,B,"Blue lips (cyanosis) indicate a critical lack of oxygen, requiring immediate attention over other non-emergent needs.",Regular,,,
Nurse Aide,NNAAP Nurse Aide Practice Exam,,What should a nurse aide avoid using when a client is receiving oxygen via nasal cannula?,Electric razor,Battery radio,Telephone,Cotton blanket,,,,A,"Electric razors can produce sparks, posing a fire hazard near oxygen. Battery radios, telephones, and cotton blankets are safe in this context.",Regular,,,
Nurse Aide,NNAAP Nurse Aide Practice Exam,,The nurse aide has been delegated the perineal care of a client. Which of the following steps SHOULD the nurse aide include in this procedure?,Provide for the client’s privacy,Wash from the dirty area to the clean area,Use cold water,Allow the area to air-dry,,,,A,"Providing privacy during perineal care respects client dignity and comfort. Washing from clean to dirty, using warm water, and patting dry are standard practices.",Regular,,,
Nurse Aide,NNAAP Nurse Aide Practice Exam,,"When lifting a heavy object, how SHOULD a nurse aide’s feet be positioned?",Close together,Shoulder-width,Left foot forward,Right foot forward,,,,B,"A shoulder-width stance provides a stable base, reducing the risk of injury when lifting heavy objects.",Regular,,,
Nurse Aide,NNAAP Nurse Aide Practice Exam,,A client has been instructed in the use of the signaling device. What is the BEST way for the nurse aide to check that the client can use the signaling device?,Have the client demonstrate the use of the signaling device,Wait a couple of days to see if the client uses the signaling device,Ask the client when the client should use the signaling device,Ask the client’s roommate if the client knows how to use the signaling device,,,,A,"Having the client demonstrate the signaling device confirms their ability to use it effectively, ensuring safety and communication.",Regular,,,
Nurse Aide,NNAAP Nurse Aide Practice Exam,,"When assisting a client with bathing, it is MOST important for the nurse aide to:",Complete the bath according to the facility’s schedule,Encourage the client to do as much as possible while setting the pace,"Give the client a bed bath, which is quicker for the nurse aide",Have the client be bathed by the shower team in order to efficiently use personnel,,,,B,Encouraging the client to participate in bathing promotes independence and dignity while allowing the nurse aide to guide the process safely.,Regular,,,
Nurse Aide,NNAAP Nurse Aide Practice Exam,,"A client has weakness on 1 side and uses a cane. When assisting the client to ambulate, the nurse aide SHOULD:",Stand on the weak side slightly behind the client,Stand on the strong side slightly behind the client,Tell the client to hold the cane on the weak side,Tell the client to move the strong leg first,,,,B,"Standing on the strong side provides support and balance, as the client relies on their stronger side and cane (held on the weak side) for stability.",Regular,,,
Nurse Aide,NNAAP Nurse Aide Practice Exam,,Nurse aides are assigned to the task of:,Changing sterile dressings.,Inserting and removing tubes.,Prescribing medication to clients.,Helping clients with toileting needs.,,,,D,"Assisting with toileting is a standard nurse aide task. Changing sterile dressings, inserting tubes, and prescribing medications are reserved for licensed professionals.",Regular,,,
Nurse Aide,NNAAP Nurse Aide Practice Exam,,"To collect a specimen from a client, the nurse aide must remember to:",Use standard (universal) precautions at all times.,Keep the specimen in the bathroom until it is sent to the lab.,Collect all specimens before bedtime.,Notify the client of test results as soon as possible.,,,,A,"Using standard precautions during specimen collection prevents infection transmission. Storing specimens improperly, timing collections, or notifying results are not nurse aide responsibilities.",Regular,,,
Nurse Aide,NNAAP Nurse Aide Practice Exam,,"If a client who is usually on 2 L/min of oxygen complains of feeling short of breath, the nurse aide SHOULD:",Lower the head of the bed.,Sit down to reassure the client.,Turn the oxygen up to 4 L/min.,Tell the nurse immediately.,,,,D,"Shortness of breath is a critical symptom requiring immediate reporting to the nurse for assessment, as nurse aides cannot adjust oxygen levels.",Regular,,,
Nurse Aide,NNAAP Nurse Aide Practice Exam,,"When a client is unable to speak, the nurse aide SHOULD:",Provide the client with paper and a pen.,Encourage the client to watch more television.,Visit the client less often than other clients.,Make sure the client has a roommate.,,,,A,"Providing paper and a pen enables non-verbal clients to communicate needs, promoting interaction and care quality.",Regular,,,
Nurse Aide,NNAAP Nurse Aide Practice Exam,,"While a client who has had a stroke is in bed, the call light should be placed on the client’s:",Affected side.,Strong side.,Bedside table.,Wall hook.,,,,B,"Placing the call light on the strong side ensures the client can access it, as the affected side may be weak or paralyzed.",Regular,,,
Nurse Aide,NNAAP Nurse Aide Practice Exam,,What kind of environment is BEST for a client with Alzheimer disease?,Frequently changing.,Busy with lots of activity.,Warm in temperature.,Calm and quiet.,,,,D,"A calm and quiet environment minimizes confusion and agitation for clients with Alzheimer's, supporting their cognitive needs.",Regular,,,
Nurse Aide,NNAAP Nurse Aide Practice Exam,,A client has a collection of small statues all over a semiprivate room. The nurse aide SHOULD:,Tell the client that the client cannot keep so much clutter in the room.,Ask the family to take them home.,Assist the client in arranging them within the space.,Tell the client’s roommate to complain.,,,,C,"Assisting with arranging statues respects the client's personal belongings while ensuring a safe, organized environment.",Regular,,,
Nurse Aide,NNAAP Nurse Aide Practice Exam,,Which of the following should be included when giving instructions to a client on deep breathing and coughing?,Ask the client to inhale and hold the breath for 5 seconds.,Help the client to support the incision after coughing.,Ask the client to inhale through the nose.,Help the client lie in the prone position.,,,,B,"Supporting the incision after coughing reduces pain and strain, promoting effective coughing for post-surgical recovery.",Regular,,,
Nurse Aide,NNAAP Nurse Aide Practice Exam,,The nurse aide has been assigned a client who has multiple requests and frequently uses the call light. What communication skills SHOULD the nurse aide use while caring for the client?,Answer the client’s questions clearly.,Avoid answering the client’s call light.,Scold the client for using the call light.,Walk away from the client.,,,,A,"Clear, respectful communication addresses the client's needs, builds trust, and ensures effective care delivery.",Regular,,,
Nurse Aide,NNAAP Nurse Aide Practice Exam,,Which of the following should be included when a client is coughing and deep breathing?,Ask the client to inhale and hold the breath for 5 seconds.,Help the client to support the incision after coughing.,Ask the client to inhale through the nose.,Help the client lie in the prone position.,,,,B,"Supporting the incision after coughing minimizes discomfort and supports effective coughing, crucial for clearing airways.",Regular,,,
Nurse Aide,NNAAP Nurse Aide Practice Exam,,Clients with urinary tract infections often require:,An increase in fiber in the diet.,Physical therapy.,Increased fluid intake.,Decreased activity.,,,,C,"Increased fluid intake helps flush bacteria from the urinary tract, aiding in UTI treatment and prevention.",Regular,,,
Nurse Aide,NNAAP Nurse Aide Practice Exam,,What is an abnormal sign that SHOULD be reported to the nurse in charge?,A good appetite.,"Soft, brown stool.",Rapid respiration.,Pink color of the lips.,,,,C,"Rapid respiration is an abnormal sign that may indicate respiratory distress, requiring immediate reporting for assessment.",Regular,,,
Nurse Aide,NNAAP Nurse Aide Practice Exam,,"When caring for a dying client whose culture is different from the nurse aide’s own culture, the nurse aide SHOULD remember that cultural differences:",Are easy to understand when religious practices are the same.,Are important only when the client’s family is present.,Relate to the nurse aide’s own religion.,Vary with each client.,,,,D,"Cultural differences vary with each client, requiring individualized, respectful care to honor their beliefs and practices.",Regular,,,
Nurse Aide,NNAAP Nurse Aide Practice Exam,,"While caring for a client, the nurse aide notices an irregular respiration pattern. To obtain a correct rate, the nurse aide SHOULD count the client’s respirations for:",15 seconds.,30 seconds.,1 minute.,5 minutes.,,,,C,"Counting respirations for 1 minute ensures an accurate rate, especially with irregular patterns, to provide reliable data.",Regular,,,
Nurse Aide,NNAAP Nurse Aide Practice Exam,,A religious service is scheduled to take place in the facility. The nurse aide SHOULD:,Take only those clients who are members of the religion.,Find out which clients wish to attend.,Encourage all clients to attend.,Take ambulatory clients only.,,,,B,"Asking which clients wish to attend respects their autonomy and preferences, aligning with client-centered care.",Regular,,,
Nurse Aide,NNAAP Nurse Aide Practice Exam,,A client is signed up for an afternoon recreational activity but is still in pajamas. The nurse aide’s BEST approach is to:,Take the client in pajamas to the activity.,Insist that the client get dressed.,Select clothes for the client to wear.,Ask if the client wants to get dressed.,,,,D,Asking if the client wants to get dressed respects their autonomy and encourages participation while addressing their readiness.,Regular,,,
Nurse Aide,NNAAP Nurse Aide Practice Exam,,The nurse aide is assisting a client to ambulate and the client begins to fall. The nurse aide SHOULD:,Try to prevent the fall.,Ease the client to the floor.,Help the client up immediately.,Tell the charge nurse at the end of the shift.,,,,B,"Easing the client to the floor during a fall minimizes injury, prioritizing safety over attempting to prevent or immediately assisting up.",Regular,,,
Nurse Aide,NNAAP Nurse Aide Practice Exam,,How can the nurse aide BEST help a client who is confused and disoriented?,Restrain all extremities.,Isolate the client from others.,Talk about the client’s frustrations.,Maintain a familiar environment.,,,,D,"Maintaining a familiar environment reduces confusion and agitation, supporting the client's comfort and orientation.",Regular,,,
Nurse Aide,NNAAP Nurse Aide Practice Exam,,The nurse aide is providing care for a client with a prosthesis. The nurse aide understands that a prosthesis is:,A condition in which there is death of tissue.,The removal of all or part of an extremity.,An artificial replacement for a missing body part.,Pain in the location of the amputated limb.,,,,C,"A prosthesis is an artificial device, such as a limb, designed to replace a missing body part and restore function.",Regular,,,
Nurse Aide,NNAAP Nurse Aide Practice Exam,,What should the nurse aide do when a client refuses to take the noon meal? The nurse aide SHOULD:,Force the client to eat.,Report the refusal to the charge nurse.,Throw the tray away.,Offer the client a snack later.,,,,B,"Reporting meal refusal to the charge nurse allows for assessment of potential health or dietary issues, respecting client autonomy.",Regular,,,
Nurse Aide,NNAAP Nurse Aide Practice Exam,,"To assist a client who is hearing impaired with a meal, the nurse aide SHOULD:",position the client in a wheelchair.,place the call light within reach.,turn on the hearing aid.,increase background noise.,,,,C,"Turning on the hearing aid enhances the client's ability to hear and communicate during meals, improving their experience.",Regular,,,
Nurse Aide,NNAAP Nurse Aide Practice Exam,,The nurse aide is supervised by:,ancillary personnel.,a facility administrator.,administrative personnel.,a licensed nursing professional.,,,,D,"A licensed nursing professional, such as a registered nurse, supervises nurse aides to ensure proper care and adherence to protocols.",Regular,,,
Nurse Aide,NNAAP Nurse Aide Practice Exam,,"A client in bed rings the call light and complains of being short of breath. Before getting the nurse, in what position should the nurse aide put the client to help the client breathe easier?",Sims,High-Fowler,Supine,Trendelenburg,,,,B,"The High-Fowler position (sitting upright) facilitates easier breathing by expanding the chest, ideal for clients with shortness of breath.",Regular,,,
Nurse Aide,NNAAP Nurse Aide Practice Exam,,Which of the following is a high-protein food?,Potatoes,Bran cereal,Bananas,Meat,,,,D,"Meat is a high-protein food, essential for tissue repair and muscle maintenance, unlike potatoes, cereal, or bananas.",Regular,,,
Nurse Aide,NNAAP Nurse Aide Practice Exam,,A client offers the nurse aide a very generous gift. Which of the following would be an appropriate response for the nurse aide to make?,Thank you. But it is the policy here that I cannot accept gifts.,I will accept the gift and report it to the nurse. Thank you.,I accept your generous gift. You are so kind to appreciate my work.,How nice. I will be glad to share this with the rest of the staff.,,,,A,Politely declining gifts due to facility policy maintains professionalism and ethical boundaries.,Regular,,,
Nurse Aide,NNAAP Nurse Aide Practice Exam,,Which of the following procedures is the BEST to follow when the nurse aide washes the aide’s hands?,Use a client’s towel to dry the aide’s hands.,Hold the hands and forearms lower than the elbows.,Rinse the hands and forearms briefly under running water.,Turn the faucet off with the aide's hands after drying them.,,,,B,"Holding hands and forearms lower than elbows during handwashing prevents contaminated water from running up the arms, maintaining hygiene.",Regular,,,
Nurse Aide,NNAAP Nurse Aide Practice Exam,,"If a nurse aide needs to cough or sneeze, the BEST way to prevent the spread of respiratory secretions is to cough into:",the air.,cupped hands.,the inside of the elbow.,a dirty linen that is already contaminated.,,,,C,"Coughing into the inside of the elbow contains respiratory secretions, reducing the spread of pathogens, unlike coughing into hands or air.",Regular,,,
Nurse Aide,NNAAP Nurse Aide Practice Exam,,A nurse aide who is assigned to a client who is human immunodeficiency virus (HIV) positive could contract HIV by:,sharing a spoon or fork with the client.,giving the client a hug.,handling the client’s clothes.,having contact with the client's body fluids.,,,,D,"HIV is transmitted through contact with body fluids like blood or secretions, requiring standard precautions. Casual contact like hugging or handling clothes does not pose a risk.",Regular,,,
Nurse Aide,NNAAP Nurse Aide Practice Exam,,"When communicating with a client who is in a coma, the nurse aide SHOULD:",keep the client on a flexible schedule for care.,avoid using touch to communicate care and comfort.,ignore the client’s facial expressions.,continue to knock before entering the client’s room and to explain care.,,,,D,"Knocking and explaining care respects the client's dignity and assumes they may perceive stimuli, even in a coma.",Regular,,,
Nurse Aide,NNAAP Nurse Aide Practice Exam,,The nurse aide can assist a dying client by:,making fewer visits to the client.,being cheerful all times.,listening when the client wants to talk.,telling the client to accept fate.,,,,C,"Listening to a dying client provides emotional support, validates their feelings, and respects their needs during a vulnerable time.",Regular,,,
Nurse Aide,NNAAP Nurse Aide Practice Exam,,The nurse aide SHOULD dispose of biohazardous waste in a:,red bag.,transparent bag.,black bag.,yellow bag.,,,,A,"Biohazardous waste, such as contaminated dressings, must be disposed of in a red bag to ensure safe handling and prevent infection spread.",Regular,,,
Nurse Aide,NNAAP Nurse Aide Practice Exam,,The nurse aide is responsible for:,observing the rights of delegation.,refusing tasks the nurse aide does not like.,delegating and supervising other nurse aides.,performing delegated nursing tasks within the aide's scope of practice.,,,,D,"Nurse aides are responsible for performing delegated tasks within their scope, ensuring safe and appropriate care under supervision.",Regular,,,
Nurse Aide,National Nurse Aide Assessment Program Practice Exam,,A client with Alzheimer disease is found going through another client's belongings. How SHOULD the nurse aide respond?,Tell the client to never do this again.,Have the client apologize to the other client.,Call the nurse supervisor.,Take the client to the client's own room and orient to surroundings.,,,,D,"Redirecting the client to their own room and orienting them reduces confusion and respects their condition, addressing the behavior appropriately.",Regular,,,
Nurse Aide,National Nurse Aide Assessment Program Practice Exam,,"What is the total intake of a client who drinks 100 ml of juice, 75 ml of coffee, and 35 ml of water?",200 ml.,210 ml.,240 ml.,370 ml.,,,,B,The total intake is calculated as 100 ml (juice) + 75 ml (coffee) + 35 ml (water) = 210 ml.,Regular,,,
Nurse Aide,National Nurse Aide Assessment Program Practice Exam,,"When shampooing a client's hair, it is important to:",complete this task while the client is in the shower.,leave medicated shampoo at the client's bedside.,use water that is as warm as the client can tolerate.,ensure that the client's eyes are covered.,,,,D,"Covering the client's eyes during shampooing prevents irritation from soap or water, ensuring comfort and safety.",Regular,,,
Nurse Aide,National Nurse Aide Assessment Program Practice Exam,,A feeding tube inserted through the nose into the stomach is called a:,cannula tube.,intravenous tube.,nasogastric tube.,drainage tube.,,,,C,"A nasogastric tube is inserted through the nose into the stomach for feeding or medication administration, distinct from other tube types.",Regular,,,
Nurse Aide,National Nurse Aide Assessment Program Practice Exam,,"The nurse aide has been asked to check oxygen saturation of a client. In order to perform this task, the nurse aide will:",scan the infrared light over the client's wrist to read the radial pulse measurement.,"disinfect the client's earlobe with alcohol, then apply the oximeter, and record the measurement.",apply the pulse oximeter to the client's fingertip and record the measurement.,reposition the client if the reading is below 95% and then retake the measurement.,,,,C,Applying a pulse oximeter to the fingertip is the standard method to measure oxygen saturation accurately.,Regular,,,
Nurse Aide,National Nurse Aide Assessment Program Practice Exam,,"When a client wears an incontinence brief, it is important for the nurse aide to:",change the incontinence brief every 6 hours to prevent irritation.,make sure the client's underpants are worn at the same time.,observe the skin and keep the perineal area clean and dry.,use the incontinence brief whenever the client is in bed.,,,,C,"Observing the skin and keeping the perineal area clean and dry prevents irritation, infections, and skin breakdown.",Regular,,,
Nurse Aide,National Nurse Aide Assessment Program Practice Exam,,"To prevent a client from choking while being fed in bed, the nurse aide SHOULD:",raise the head of the bed.,place the client in a lateral position.,tilt the client's head back.,offer all fluids first.,,,,A,Raising the head of the bed to an upright position aligns the airway to reduce choking risk during feeding.,Regular,,,